"","DA_aux_pp","DA_QUANDO_v","DOPO_aux_pp","FINCHE_v","FINO_A_aux_pp","INVECE_DI_v","ONDE_v","PER_aux_pp","PER_v","PERCHE_v","POICHE_v","PRIMA_CHE_v","PRIMA_DI_aux_pp","PRIMA_DI_v"
"fare",18,10,45,8,0,42,16,10,49,32,12,35,4,26
"arrivare",4,3,0,47,0,1,13,0,4,3,1,89,1,34
"evitare",1,2,0,0,0,0,177,0,11,0,1,0,0,0
"venire",0,10,0,18,0,2,11,5,1,43,14,73,0,13
"sapere",0,4,5,2,0,1,0,1,4,49,36,5,1,3
"andare",1,6,0,3,0,19,0,1,4,7,0,15,1,50
"vedere",5,1,28,6,1,6,5,6,10,18,10,1,2,5
"diventare",22,0,0,17,0,3,2,0,2,5,3,32,1,12
"dare",8,1,16,0,0,16,9,4,12,8,6,1,1,13
"riuscire",4,1,0,36,0,0,0,2,2,5,1,32,0,7
"mettere",8,2,10,0,0,19,3,1,7,10,1,4,0,19
"trovare",3,0,4,25,0,5,5,7,5,8,7,2,1,8
"stare",0,10,0,10,0,12,0,0,2,29,13,1,0,0
"esistere",0,27,0,12,0,0,0,0,0,11,17,8,0,1
"iniziare",0,5,0,4,0,0,0,1,1,1,1,46,1,16
"consentire",1,0,2,0,0,1,40,0,2,14,15,0,0,0
"entrare",3,3,3,5,0,2,0,1,4,6,2,21,1,20
"sentire",6,1,10,28,0,2,2,1,3,7,7,2,2,0
"prendere",6,1,14,4,0,7,1,6,4,3,3,4,0,14
"dire",0,1,0,0,0,10,1,0,13,21,10,2,0,8
"tornare",0,1,0,8,0,9,0,1,5,5,0,15,0,21
"cominciare",1,3,0,11,0,1,0,0,2,5,1,25,1,12
"lasciare",4,4,10,0,0,11,1,4,2,4,2,2,1,17
"parlare",0,0,7,3,0,6,2,1,4,10,5,3,1,19
"morire",0,1,0,5,0,1,0,0,2,0,3,19,0,28
"partire",0,0,0,0,0,1,0,0,3,0,1,26,0,26
"considerare",36,0,1,0,1,0,1,8,0,6,3,0,0,0
"durare",0,0,0,55,0,0,0,0,0,1,0,0,0,0
"vivere",2,9,2,20,0,2,1,1,2,8,9,0,0,0
"portare",3,2,2,2,1,2,1,7,8,8,7,0,3,8
"uscire",0,5,0,6,0,4,1,0,5,1,0,14,0,18
"pensare",4,1,0,4,0,2,3,0,1,26,9,0,0,3
"uccidere",1,0,9,0,0,1,0,9,4,1,0,0,22,5
"ottenere",3,0,5,1,0,1,25,0,10,2,0,1,1,1
"giungere",0,1,0,36,0,1,2,0,3,1,0,5,0,0
"rimanere",0,0,2,28,0,3,3,1,0,4,6,1,0,0
"passare",1,1,7,4,0,6,0,0,3,6,2,8,0,9
"raggiungere",2,0,4,7,0,0,6,1,5,0,2,4,3,11
"ricevere",3,2,19,0,0,2,0,3,3,1,4,0,6,2
"conoscere",1,7,6,1,0,0,1,0,4,12,8,1,1,2
"usare",10,1,3,0,0,7,3,5,1,3,4,0,2,5
"capire",3,0,1,3,0,4,1,2,11,7,2,5,1,3
"sembrare",0,1,0,4,0,0,5,0,0,12,18,0,0,0
"continuare",0,0,0,10,0,2,3,0,2,14,4,0,0,4
"utilizzare",8,1,1,0,0,4,1,12,0,3,5,0,2,2
"finire",3,0,5,3,0,0,0,0,3,3,0,15,1,5
"rendere",4,0,0,0,1,1,12,3,5,4,2,0,1,4
"rispondere",0,0,1,0,0,5,1,0,4,1,3,4,0,18
"perdere",5,1,15,0,0,2,1,2,0,2,2,3,0,3
"assicurare",0,0,0,0,0,0,28,0,5,0,1,0,1,0
"costringere",23,0,1,1,0,1,0,1,1,3,0,0,2,0
"permettere",1,0,0,0,0,1,9,1,2,4,15,0,0,0
"restare",0,0,0,17,0,4,1,0,3,5,1,1,0,0
"chiudere",0,0,5,1,0,4,1,0,1,1,1,9,0,8
"mancare",0,0,1,1,0,0,0,1,0,15,12,1,0,0
"nascere",0,5,0,0,0,0,0,2,0,3,5,14,0,2
"cercare",0,0,2,1,0,9,4,3,3,5,1,1,0,1
"cadere",0,1,1,8,0,2,0,1,2,1,2,8,0,3
"toccare",3,0,13,0,0,0,0,0,1,3,1,4,0,4
"credere",0,0,1,4,0,0,0,1,1,9,11,0,0,1
"decidere",2,1,0,6,0,0,2,1,1,0,2,5,0,8
"ritenere",1,0,0,0,0,0,0,3,0,9,15,0,0,0
"leggere",0,0,15,0,0,3,0,6,0,2,0,0,0,1
"chiamare",11,0,0,0,0,2,0,2,0,3,1,2,3,2
"garantire",1,0,0,0,0,2,17,0,3,0,3,0,0,0
"assumere",5,0,6,1,0,3,0,1,1,2,0,3,3,0
"lavorare",0,9,3,0,0,3,0,1,1,5,2,0,0,1
"tentare",2,0,5,0,0,3,3,4,2,1,2,2,0,1
"risultare",0,0,0,5,0,0,3,0,0,5,11,0,0,0
"seguire",0,0,3,1,0,6,0,1,3,5,4,0,0,1
"tenere",3,1,0,3,0,3,3,0,7,3,1,0,0,0
"aprire",0,0,0,1,0,4,1,0,2,2,1,7,0,5
"aiutare",0,0,0,0,0,8,0,5,6,1,1,0,1,0
"rappresentare",1,0,0,1,0,0,1,1,0,5,13,0,0,0
"realizzare",0,0,2,1,0,1,3,8,3,2,1,0,0,1
"scomparire",0,0,0,5,0,4,1,0,0,1,1,8,0,2
"chiedere",2,0,3,1,0,3,0,2,3,1,0,0,0,6
"incontrare",0,0,1,4,0,1,1,1,0,0,1,3,1,8
"provare",0,0,6,1,0,5,2,0,1,2,1,1,1,1
"scendere",0,0,0,2,0,5,0,1,0,0,1,7,0,5
"servire",0,1,0,0,0,1,1,0,1,4,1,0,0,12
"temere",0,0,0,0,0,1,0,1,0,11,8,0,0,0
"creare",1,0,0,0,0,2,7,0,7,0,3,0,0,0
"mangiare",0,0,12,0,0,2,0,2,0,1,1,0,1,1
"superare",4,0,10,0,0,0,2,0,2,0,0,0,2,0
"abbandonare",1,1,6,1,0,1,0,2,0,2,2,0,1,2
"bisognare",0,0,0,0,0,0,2,0,0,12,5,0,0,0
"colpire",0,0,4,0,0,0,1,4,0,1,3,0,5,1
"compiere",0,0,5,0,0,0,0,2,1,1,1,1,3,5
"riprendere",0,0,2,1,0,0,0,1,0,2,2,5,1,5
"cambiare",1,0,0,1,0,0,0,0,2,3,4,6,0,1
"guardare",1,0,3,1,0,6,0,0,3,1,2,0,0,1
"partecipare",0,0,5,0,0,0,0,5,3,1,3,0,1,0
"salire",0,1,1,0,0,2,0,1,0,2,1,3,0,7
"scoppiare",0,0,0,0,0,1,0,0,0,2,0,15,0,0
"scoprire",0,0,6,1,0,0,0,0,2,1,0,4,0,4
"verificare",0,0,5,0,0,1,9,0,3,0,0,0,0,0
"vincere",0,0,8,0,0,0,0,1,3,1,0,5,0,0
"apparire",0,1,0,7,0,0,4,1,0,0,2,2,0,0
"definire",8,0,0,0,0,3,0,1,3,0,1,1,0,0
"mandare",1,0,2,0,0,5,0,2,2,1,0,0,1,3
"attraversare",0,0,6,0,0,0,1,0,2,0,0,0,2,5
"dormire",0,0,2,0,0,3,0,1,0,2,0,0,0,8
"fornire",1,0,0,0,0,1,8,1,0,2,3,0,0,0
"presentare",4,0,2,0,0,0,1,2,1,3,1,0,1,1
"sostenere",0,0,3,0,0,0,2,2,4,3,1,0,0,1
"spingere",8,0,0,0,0,3,0,1,1,1,1,0,0,1
"stabilire",1,0,2,0,0,0,6,0,3,1,1,0,2,0
"trascorrere",0,0,13,0,0,2,0,0,1,0,0,0,0,0
"abitare",0,10,0,0,0,2,0,1,0,1,1,0,0,0
"accettare",1,0,1,0,0,2,0,7,0,0,1,2,0,1
"comprendere",1,0,0,0,0,0,1,4,1,2,6,0,0,0
"contenere",0,0,0,0,0,0,0,0,1,2,11,1,0,0
"correre",0,3,1,0,0,2,0,1,2,3,2,0,0,1
"favorire",1,0,0,0,0,1,9,1,2,0,1,0,0,0
"giocare",0,3,6,0,0,2,0,2,0,0,1,0,0,1
"ricordare",3,1,0,1,0,1,0,2,2,1,4,0,0,0
"risolvere",0,0,0,0,0,6,1,0,7,1,0,0,0,0
"scegliere",3,0,2,0,0,1,0,4,2,2,0,0,1,0
"scrivere",0,1,0,0,0,3,1,0,5,0,2,0,0,3
"annunciare",1,0,4,0,0,3,1,0,1,2,0,2,0,0
"difendere",2,0,1,0,0,4,0,2,3,1,1,0,0,0
"disporre",6,0,1,0,0,1,1,1,0,1,3,0,0,0
"divenire",3,0,0,6,0,0,1,0,0,0,1,2,0,1
"girare",0,1,1,4,0,1,0,0,0,1,0,1,0,5
"limitare",0,0,0,0,0,6,3,0,3,1,1,0,0,0
"offrire",0,0,0,0,0,2,3,0,1,0,7,0,0,1
"parere",0,1,0,3,0,0,0,0,0,3,7,0,0,0
"potere",0,0,0,0,0,0,11,0,2,0,0,0,0,1
"prevenire",0,0,0,0,0,0,12,1,1,0,0,0,0,0
"proseguire",0,0,0,0,0,0,1,0,1,0,0,0,0,12
"sparire",0,0,0,4,0,0,0,0,0,0,0,2,0,8
"udire",0,0,0,6,0,0,0,3,0,2,2,1,0,0
"vido",0,1,0,11,0,0,0,0,0,1,1,0,0,0
"amare",1,1,0,0,0,0,0,1,0,7,3,0,0,0
"consegnare",1,0,2,0,0,1,0,1,0,0,0,1,1,6
"contribuire",0,0,0,0,0,0,6,0,2,3,2,0,0,0
"costruire",0,0,1,0,0,2,2,1,2,1,1,2,0,1
"impedire",0,0,0,0,0,1,7,1,2,2,0,0,0,0
"intervenire",0,0,0,0,0,2,1,1,0,1,3,5,0,0
"raccogliere",1,0,8,0,0,0,1,0,1,0,1,0,1,0
"sposare",2,0,4,0,0,0,0,0,0,0,0,0,0,7
"trasformare",7,0,0,0,0,2,2,0,2,0,0,0,0,0
"accertare",0,0,0,0,0,0,6,0,5,0,0,0,1,0
"acquistare",1,0,1,0,0,2,0,2,1,1,0,0,3,1
"aspettare",0,1,2,2,0,4,0,0,0,1,0,2,0,0
"dedicare",1,0,1,0,0,6,0,2,1,0,0,0,0,1
"eliminare",0,0,3,0,0,2,2,0,3,2,0,0,0,0
"esaminare",0,0,4,0,0,2,2,0,1,0,1,0,0,2
"eseguire",0,0,3,1,0,0,0,4,1,1,1,0,0,1
"formare",1,0,0,1,0,1,4,0,4,0,0,1,0,0
"fuggire",1,1,2,0,0,1,1,0,2,0,0,3,0,1
"indicare",2,0,0,0,0,0,3,0,3,0,3,0,1,0
"indossare",0,0,1,1,0,2,0,4,0,0,2,0,0,2
"occorrere",0,0,0,0,0,0,1,0,0,6,5,0,0,0
"pagare",0,0,5,0,0,2,0,1,3,1,0,0,0,0
"porre",4,0,0,0,0,0,4,0,0,0,2,0,1,1
"pubblicare",1,0,2,0,0,0,0,5,0,0,0,1,2,1
"riassegnare",0,0,0,0,0,0,0,12,0,0,0,0,0,0
"richiedere",1,0,0,0,0,0,0,0,1,0,10,0,0,0
"subire",0,0,10,0,0,1,0,0,0,0,0,0,0,1
"trattare",2,0,0,0,0,2,1,4,0,1,2,0,0,0
"cedere",1,0,2,1,0,0,0,0,1,0,0,0,2,4
"comparire",0,0,0,3,0,0,0,0,0,0,2,6,0,0
"comprare",0,0,1,0,0,3,0,0,3,2,0,0,0,2
"conquistare",3,0,5,0,0,1,0,1,1,0,0,0,0,0
"curare",0,0,0,0,0,0,1,6,2,0,0,0,1,1
"eleggere",1,0,0,0,1,0,0,1,2,0,0,1,5,0
"esercitare",0,1,1,0,0,0,1,3,3,1,1,0,0,0
"mostrare",0,0,2,0,0,2,0,0,3,1,2,0,0,1
"procedere",0,0,1,0,0,0,3,0,0,2,0,0,0,5
"rispettare",0,0,1,1,0,1,1,1,2,1,2,0,0,1
"smettere",2,0,1,2,0,0,0,0,0,1,0,2,0,3
"vire",0,3,0,7,0,0,0,0,0,1,0,0,0,0
"affrontare",1,0,0,0,0,1,2,0,2,1,0,0,0,3
"analizzare",1,0,2,0,0,4,0,1,1,0,0,0,0,1
"applicare",0,0,1,0,1,0,0,3,1,0,1,0,1,2
"ascoltare",1,0,4,1,0,0,0,1,1,2,0,0,0,0
"avere",2,0,0,0,0,0,0,0,3,0,0,0,0,5
"bere",1,0,7,0,0,0,0,0,0,1,0,0,0,1
"coinvolgere",2,0,0,0,0,0,1,0,1,3,2,0,1,0
"condurre",0,0,0,0,0,1,2,0,2,1,4,0,0,0
"determinare",3,0,0,0,0,0,1,1,0,0,5,0,0,0
"fermare",0,0,0,0,0,1,0,0,2,2,1,0,1,3
"identificare",2,0,3,0,0,1,1,0,1,0,2,0,0,0
"imparare",1,0,0,2,0,0,0,1,2,2,1,0,0,1
"indurre",7,0,0,0,0,0,2,0,0,0,1,0,0,0
"inserire",3,0,1,0,0,1,0,4,0,0,1,0,0,0
"lanciare",0,0,4,0,0,1,0,2,0,0,0,0,1,2
"nominare",3,0,2,0,0,0,0,0,0,1,0,0,4,0
"notare",2,0,1,3,0,0,0,1,0,1,0,0,0,2
"raccontare",0,0,3,0,0,2,0,0,0,3,2,0,0,0
"ridurre",0,0,0,0,0,2,2,0,4,0,1,0,0,1
"rientrare",0,0,0,0,0,0,1,0,0,1,2,1,0,5
"riguardare",0,0,0,0,0,0,0,0,0,4,6,0,0,0
"rischiare",0,1,2,0,0,1,0,0,0,3,2,1,0,0
"salutare",0,1,4,0,0,1,0,0,1,0,0,0,0,3
"scritto",0,0,3,0,0,0,0,5,0,0,0,0,2,0
"sta",0,4,0,6,0,0,0,0,0,0,0,0,0,0
"tagliare",0,0,3,1,0,2,0,1,1,0,1,0,0,1
"togliere",0,0,1,0,0,1,0,2,1,1,1,0,1,2
"trasferire",0,0,0,0,0,0,0,1,0,0,0,0,3,6
"alzare",0,0,0,1,0,3,1,0,0,0,0,1,0,3
"ammazzare",0,0,1,1,0,3,0,2,0,1,0,0,1,0
"attaccare",0,0,2,0,0,1,0,0,2,0,0,3,0,1
"aumentare",0,0,0,0,0,3,1,0,2,1,2,0,0,0
"avviare",1,0,0,0,0,1,1,0,3,0,0,0,1,2
"battere",0,0,2,2,0,4,0,0,1,0,0,0,0,0
"buttare",1,0,3,0,0,1,0,0,0,1,0,0,0,3
"denunciare",1,0,0,0,0,1,0,4,1,1,0,0,0,1
"dettare",0,0,4,0,0,0,0,4,0,0,0,0,1,0
"dimostrare",0,0,0,0,0,1,1,0,2,3,2,0,0,0
"effettuare",0,0,5,0,0,0,0,0,3,0,0,0,0,1
"esplodere",0,2,0,0,0,0,0,0,1,0,0,6,0,0
"essere",0,0,0,0,0,2,0,0,1,1,0,0,0,5
"generare",5,0,0,0,0,0,1,0,0,1,2,0,0,0
"insegnare",0,1,0,0,0,0,2,1,2,3,0,0,0,0
"migliorare",0,0,0,0,0,3,4,0,1,1,0,0,0,0
"nascondere",1,0,2,0,0,3,0,1,2,0,0,0,0,0
"osservare",1,0,2,0,0,1,0,0,3,0,2,0,0,0
"prevedere",1,0,0,0,0,0,1,0,0,3,4,0,0,0
"proteggere",1,0,0,0,0,1,1,3,3,0,0,0,0,0
"recare",0,0,0,0,0,3,1,0,0,1,1,0,0,3
"recuperare",0,0,2,1,0,1,2,0,2,0,0,0,0,1
"riconoscere",2,0,1,0,0,1,0,2,0,0,3,0,0,0
"riflettere",0,0,1,0,1,1,0,0,1,2,3,0,0,0
"rimettere",0,0,1,0,0,1,1,0,1,0,0,0,0,5
"rivelare",0,0,0,0,0,2,1,1,0,3,0,1,0,1
"rompere",0,0,2,0,0,1,1,1,1,1,0,0,0,2
"salvare",0,0,0,0,0,0,1,2,4,2,0,0,0,0
"scoperto",0,0,0,0,0,0,0,6,0,0,0,0,3,0
"sottoporre",2,0,1,0,0,0,0,2,0,1,0,0,2,1
"studiare",1,1,3,0,0,1,1,0,1,0,0,0,1,0
"svolgere",0,1,2,0,0,0,0,0,1,2,2,0,1,0
"trasportare",1,0,1,0,0,0,1,3,1,0,0,0,2,0
"valutare",0,0,1,0,0,0,6,0,1,0,0,0,0,1
"affermare",0,0,0,0,0,0,2,1,3,0,2,0,0,0
"approdare",0,0,0,0,0,0,0,0,0,0,0,1,0,7
"avvenire",0,0,0,0,0,1,1,0,1,3,1,1,0,0
"avvertire",1,0,1,3,0,0,0,0,0,0,2,1,0,0
"bloccare",1,0,0,0,0,1,0,0,1,0,3,0,2,0
"condannare",2,0,1,0,0,2,0,1,0,0,0,0,2,0
"conseguire",0,0,1,0,0,0,5,0,2,0,0,0,0,0
"consumare",1,0,2,0,0,0,0,3,0,0,0,0,0,2
"controllare",1,0,2,0,0,0,1,0,2,0,1,1,0,0
"crescere",0,0,0,0,0,3,1,0,2,0,2,0,0,0
"destinare",2,0,0,0,0,1,0,4,0,0,0,0,1,0
"diminuire",0,0,0,0,0,4,1,0,0,2,1,0,0,0
"gettare",0,0,1,0,0,0,1,1,1,0,0,0,1,3
"godere",0,0,0,0,0,0,0,1,2,1,3,0,0,1
"ignorare",0,0,0,0,0,1,0,2,0,3,2,0,0,0
"intendere",1,0,0,0,0,0,0,0,3,3,1,0,0,0
"investire",0,0,2,0,0,2,0,2,0,0,0,0,2,0
"liberare",0,0,0,0,0,1,0,3,2,1,1,0,0,0
"possedere",0,0,0,0,0,0,0,0,0,2,6,0,0,0
"preparare",2,0,0,0,0,1,2,0,2,0,0,0,0,1
"produrre",0,0,0,0,0,0,2,0,2,2,2,0,0,0
"pronunciare",0,0,3,0,0,1,0,2,0,0,0,2,0,0
"ritrovare",2,1,0,1,0,0,2,1,0,0,0,0,0,1
"scattare",0,0,0,0,0,0,0,0,0,0,0,7,0,1
"significare",0,0,0,0,0,0,0,0,0,2,6,0,0,0
"sparare",0,1,2,0,0,4,0,0,0,0,0,0,0,1
"tirare",0,0,3,0,0,2,0,1,0,1,0,0,0,1
"vendere",0,1,1,0,0,2,0,3,1,0,0,0,0,0
"accadere",0,1,0,1,0,0,0,0,0,0,0,5,0,0
"accedere",0,0,0,0,0,0,0,0,3,0,0,0,0,4
"accogliere",1,0,1,0,1,1,0,3,0,0,0,0,0,0
"accompagnare",1,0,2,1,0,1,0,0,0,1,0,0,1,0
"acquisire",0,0,4,0,0,0,0,0,1,0,0,0,2,0
"addormentare",0,0,1,0,0,0,0,0,0,0,0,0,0,6
"aggiungere",0,0,0,0,0,1,0,0,0,1,0,2,0,3
"agire",0,0,0,0,0,0,2,0,0,2,2,0,0,1
"assistere",1,0,3,0,0,0,1,1,0,0,1,0,0,0
"calare",0,0,0,1,0,0,1,0,0,0,0,5,0,0
"camminare",0,1,2,0,0,3,0,0,0,1,0,0,0,0
"chiarire",1,0,0,0,0,2,2,0,1,1,0,0,0,0
"confermare",1,0,1,0,0,1,0,0,1,1,1,0,0,1
"costituire",0,0,0,0,0,1,1,0,0,0,5,0,0,0
"crollare",0,1,0,3,0,0,0,0,0,0,0,3,0,0
"descrivere",0,0,0,0,0,2,0,0,3,0,2,0,0,0
"dimenticare",3,0,0,1,0,0,0,1,1,0,1,0,0,0
"dipendere",0,0,0,3,0,0,0,0,0,0,4,0,0,0
"escludere",0,0,0,0,0,0,2,0,2,0,3,0,0,0
"facilitare",0,0,0,0,0,0,5,0,0,2,0,0,0,0
"fallire",0,0,5,0,0,0,0,0,0,0,1,1,0,0
"funzionare",0,0,0,1,0,1,0,0,0,3,2,0,0,0
"governare",2,1,0,0,0,0,0,1,0,1,2,0,0,0
"guidare",0,2,0,0,0,1,0,1,1,2,0,0,0,0
"implicare",1,0,0,0,0,0,0,1,0,2,3,0,0,0
"infrangere",0,0,1,0,0,1,4,1,0,0,0,0,0,0
"percepire",2,0,1,0,0,0,0,2,0,0,2,0,0,0
"provocare",1,0,0,0,0,0,1,0,1,0,1,2,0,1
"restituire",1,0,0,0,0,2,2,0,0,0,1,0,0,1
"ricominciare",0,0,0,1,0,0,0,0,1,0,0,1,0,4
"rinunciare",2,0,0,1,0,1,0,0,0,1,1,0,0,1
"riportare",3,0,0,0,0,1,0,1,2,0,0,0,0,0
"risalire",0,0,0,0,0,0,1,0,0,2,3,1,0,0
"sedere",2,0,0,0,0,1,0,0,0,0,0,0,0,4
"servitare",2,0,0,0,0,0,0,5,0,0,0,0,0,0
"spiegare",0,0,0,0,0,1,1,1,3,0,0,0,0,1
"trascurare",0,0,2,1,0,0,0,3,0,1,0,0,0,0
"varare",0,0,1,0,0,0,0,3,1,0,0,0,1,1
"ammettere",0,0,2,0,0,0,0,1,1,0,1,0,1,0
"apprendere",0,0,2,0,0,1,2,0,1,0,0,0,0,0
"arrestare",1,0,0,0,0,0,0,2,0,0,0,0,3,0
"bastare",0,1,0,1,0,0,0,0,0,2,2,0,0,0
"cantare",0,1,1,0,0,0,0,0,3,1,0,0,0,0
"celebrare",2,0,2,0,0,0,0,0,2,0,0,0,0,0
"cogliere",0,0,0,0,0,2,3,0,0,0,1,0,0,0
"dirigere",0,1,0,1,0,2,0,0,0,0,0,0,0,2
"distruggere",0,0,0,0,0,1,0,1,1,1,0,1,1,0
"divorare",0,0,3,0,0,0,0,3,0,0,0,0,0,0
"esprimere",0,0,0,0,0,1,1,0,2,1,1,0,0,0
"frequentare",0,2,3,0,0,0,0,0,0,1,0,0,0,0
"giustificare",0,0,0,0,0,0,2,0,3,0,1,0,0,0
"immettere",0,0,0,0,0,0,0,1,0,0,0,0,5,0
"includere",1,0,0,0,1,0,1,1,0,0,2,0,0,0
"interrogare",0,0,0,0,0,0,0,3,0,1,0,0,2,0
"messo",0,0,0,0,0,0,0,0,0,0,0,0,6,0
"operare",0,2,1,0,0,1,0,0,0,0,2,0,0,0
"penetrare",1,0,0,0,0,1,3,0,0,0,1,0,0,0
"pervenire",0,0,0,1,0,0,5,0,0,0,0,0,0,0
"proporre",1,0,0,0,0,3,0,0,2,0,0,0,0,0
"richiudere",0,0,1,1,0,1,0,0,0,0,0,0,0,3
"ridotto",3,0,0,0,0,0,0,2,0,0,0,0,1,0
"ripartire",0,0,0,0,0,1,0,0,0,0,0,0,0,5
"scappare",0,0,0,0,0,2,0,0,0,2,0,1,0,1
"stannare",0,0,0,1,0,0,1,0,0,3,1,0,0,0
"succedere",0,0,0,0,0,0,0,0,1,1,0,4,0,0
"sviluppare",1,0,0,0,0,0,1,0,1,0,1,1,1,0
"terminare",0,0,1,1,0,0,0,1,0,0,0,1,1,1
"trasmettere",0,0,1,0,0,2,0,0,0,1,2,0,0,0
"tutelare",0,0,0,0,0,0,4,0,1,0,1,0,0,0
"violare",0,0,1,0,0,0,0,4,0,0,1,0,0,0
"visitare",0,0,2,0,0,1,0,1,1,0,0,1,0,0
"abusare",0,0,2,0,0,1,0,2,0,0,0,0,0,0
"accusare",2,0,1,0,0,0,0,1,0,1,0,0,0,0
"adottare",0,0,0,0,0,0,1,0,0,2,0,1,1,0
"afferrare",0,0,1,0,0,0,0,1,1,0,0,0,0,2
"affidare",1,0,0,0,0,2,0,1,0,0,1,0,0,0
"allontanare",0,0,0,0,0,0,0,0,0,1,0,0,2,2
"appartenere",0,0,0,0,0,0,1,0,0,3,1,0,0,0
"approfondire",0,0,0,0,0,1,2,0,2,0,0,0,0,0
"approvare",0,0,3,0,0,0,0,2,0,0,0,0,0,0
"attendere",0,0,1,0,0,0,1,0,0,0,1,0,1,1
"attivare",0,0,0,0,0,0,1,1,0,1,2,0,0,0
"avvicinare",0,0,0,0,0,2,1,0,2,0,0,0,0,0
"avvolgere",0,0,0,0,0,0,0,1,2,0,1,0,1,0
"cancellare",0,0,0,0,0,0,1,0,1,1,0,0,1,1
"caricare",0,0,2,0,0,0,0,1,1,0,0,0,1,0
"combattere",0,0,0,0,0,2,0,0,2,1,0,0,0,0
"comportare",0,0,0,0,0,0,0,0,0,1,4,0,0,0
"concentrare",0,0,0,0,0,1,0,1,1,0,2,0,0,0
"condotto",0,0,0,0,0,0,0,4,0,0,0,0,1,0
"consolidare",1,0,0,0,0,0,1,0,1,0,0,0,0,2
"deporre",0,0,2,0,0,1,1,1,0,0,0,0,0,0
"derivare",0,0,0,0,0,0,0,0,0,2,3,0,0,0
"diffondere",1,0,0,0,0,0,0,1,1,0,0,0,0,2
"discutere",0,0,0,0,0,3,0,0,2,0,0,0,0,0
"distribuire",0,0,0,0,0,1,0,4,0,0,0,0,0,0
"emergere",0,0,0,0,0,0,1,0,0,1,0,3,0,0
"esporre",0,0,1,0,0,0,0,2,1,0,0,0,0,1
"finanziare",0,0,0,0,0,3,0,0,2,0,0,0,0,0
"firmare",0,0,2,0,0,0,0,2,0,0,0,1,0,0
"fruttare",0,0,0,0,0,0,0,0,0,2,3,0,0,0
"giudicare",0,0,0,0,0,1,0,0,0,1,1,0,0,2
"gustare",0,0,3,0,0,1,0,0,0,0,1,0,0,0
"immaginare",0,0,1,1,0,1,0,0,0,0,1,0,0,1
"incoraggiare",0,0,0,0,0,2,2,0,1,0,0,0,0,0
"individuare",2,0,0,1,0,0,2,0,0,0,0,0,0,0
"intraprendere",0,0,0,0,0,0,0,0,0,0,0,1,0,4
"invitare",1,0,0,0,0,1,0,2,0,0,0,0,0,1
"occupare",0,0,0,0,0,2,0,0,2,0,0,0,0,1
"ordinare",0,0,1,0,0,0,0,2,0,0,0,0,1,1
"percorrere",0,1,4,0,0,0,0,0,0,0,0,0,0,0
"piangere",0,1,0,0,0,2,0,0,0,2,0,0,0,0
"picchiare",0,0,1,0,0,0,0,2,0,0,0,1,0,1
"precipitare",0,0,1,0,0,1,0,0,0,0,0,1,0,2
"preservare",0,0,0,0,0,0,3,0,2,0,0,0,0,0
"prestare",0,2,0,0,0,1,0,2,0,0,0,0,0,0
"pretendere",0,0,0,0,0,1,0,1,0,1,2,0,0,0
"proclamare",0,0,1,0,0,0,0,1,0,0,1,0,2,0
"prodotto",3,0,0,0,0,0,0,2,0,0,0,0,0,0
"re",0,0,0,0,0,0,1,0,0,3,1,0,0,0
"recitare",1,0,1,0,0,0,0,1,0,1,1,0,0,0
"registrare",1,0,3,0,0,0,0,0,0,0,0,0,1,0
"ricorrere",0,0,0,1,0,1,0,0,0,1,1,0,0,1
"riempire",1,0,0,0,0,3,0,0,1,0,0,0,0,0
"ripetere",0,0,0,1,0,1,0,1,0,1,1,0,0,0
"rotolare",0,0,0,1,0,0,3,0,0,0,0,0,0,1
"rubare",0,0,2,0,0,0,0,1,0,2,0,0,0,0
"saltare",0,1,1,0,0,0,0,1,0,0,0,1,0,1
"scaricare",0,0,3,0,0,1,0,1,0,0,0,0,0,0
"scongiurare",0,0,0,0,0,0,3,0,1,0,0,0,1,0
"segnare",0,0,2,0,0,0,0,1,0,1,1,0,0,0
"sollevare",1,0,2,0,0,2,0,0,0,0,0,0,0,0
"sostituire",1,0,0,0,0,1,0,2,0,0,0,0,1,0
"sottolineare",1,0,1,0,0,0,2,0,0,0,0,0,0,1
"spedire",0,0,0,0,0,3,0,1,0,0,0,0,1,0
"sperimentare",0,0,2,0,0,1,1,0,0,0,1,0,0,0
"stringere",0,0,0,0,0,2,0,0,0,1,0,0,0,2
"svanire",0,0,0,4,0,0,0,0,0,0,0,1,0,0
"temo",0,0,0,0,0,0,0,0,0,5,0,0,0,0
"trarre",0,0,0,0,0,0,3,0,0,0,1,0,0,1
"unire",1,0,0,0,0,1,0,0,0,0,3,0,0,0
"versare",1,0,1,0,0,0,0,3,0,0,0,0,0,0
"votare",0,0,3,0,0,0,0,0,0,0,0,0,0,2
"abbassare",0,0,0,1,0,1,0,0,0,0,0,1,0,1
"abbattere",0,0,0,0,0,1,0,0,0,1,0,0,2,0
"agevolare",0,0,0,0,0,0,4,0,0,0,0,0,0,0
"alimentare",0,0,0,0,0,0,1,0,3,0,0,0,0,0
"annullare",1,0,1,0,0,0,0,1,0,0,0,0,1,0
"aperto",0,0,4,0,0,0,0,0,0,0,0,0,0,0
"arruolare",0,0,0,0,0,0,0,3,0,0,0,0,1,0
"assassinare",0,0,1,0,0,0,0,1,0,0,1,0,1,0
"assegnare",0,0,0,0,0,1,0,1,0,0,0,0,1,1
"assolto",1,0,0,0,0,0,0,3,0,0,0,0,0,0
"attribuire",0,0,0,0,0,1,0,0,1,1,1,0,0,0
"attuare",0,0,0,0,0,1,0,2,0,0,0,0,0,1
"campare",0,0,0,4,0,0,0,0,0,0,0,0,0,0
"causare",2,0,1,0,0,0,0,0,0,1,0,0,0,0
"colmare",1,0,1,0,0,1,1,0,0,0,0,0,0,0
"commettere",0,0,2,0,0,0,0,2,0,0,0,0,0,0
"concludere",0,0,0,0,0,0,0,0,0,1,1,0,0,2
"condividere",1,0,0,0,0,1,0,0,0,1,1,0,0,0
"conferire",0,0,0,0,0,0,2,0,0,0,2,0,0,0
"constatare",0,0,1,2,0,0,1,0,0,0,0,0,0,0
"consultare",0,0,3,0,0,1,0,0,0,0,0,0,0,0
"contrastare",0,0,0,0,0,0,0,0,1,2,1,0,0,0
"convertire",0,0,2,0,0,0,0,1,0,0,0,0,1,0
"convincere",1,0,1,0,0,0,0,0,2,0,0,0,0,0
"desiderare",1,0,0,0,0,0,0,0,0,2,1,0,0,0
"disegnare",0,0,0,0,0,0,1,0,2,0,0,0,0,1
"esaurire",0,0,0,0,0,0,0,0,0,0,0,0,3,1
"fondare",1,0,0,0,0,0,0,1,0,0,1,1,0,0
"fumare",0,0,4,0,0,0,0,0,0,0,0,0,0,0
"incidere",0,0,0,0,0,0,0,0,0,1,2,1,0,0
"inviare",0,0,0,0,0,1,0,0,0,0,0,0,3,0
"ispirare",3,0,0,0,0,0,0,1,0,0,0,0,0,0
"legare",1,0,0,0,0,2,0,0,0,0,1,0,0,0
"litigare",0,0,2,0,0,1,0,0,0,1,0,0,0,0
"manifestare",0,0,1,0,0,0,1,1,1,0,0,0,0,0
"mantenere",0,0,0,0,0,0,2,0,2,0,0,0,0,0
"mirare",0,0,0,0,0,0,0,0,0,1,3,0,0,0
"modificare",0,0,2,0,0,0,0,0,0,0,2,0,0,0
"nuotare",0,0,2,0,0,0,1,0,1,0,0,0,0,0
"nutrire",0,0,0,0,0,1,0,1,0,1,1,0,0,0
"offendere",0,0,0,0,0,2,0,2,0,0,0,0,0,0
"organizzare",1,0,0,0,0,0,0,1,0,1,1,0,0,0
"osare",0,0,0,0,0,0,0,4,0,0,0,0,0,0
"paragonare",3,0,1,0,0,0,0,0,0,0,0,0,0,0
"parte",0,2,0,0,0,0,0,0,0,1,1,0,0,0
"preferire",0,0,0,0,0,1,0,0,0,0,2,1,0,0
"pregare",0,0,0,0,0,1,0,0,1,1,0,0,1,0
"premere",0,0,1,0,0,0,0,0,0,0,0,0,0,3
"privare",0,0,0,0,0,0,1,0,1,2,0,0,0,0
"provenire",0,0,0,0,0,0,1,0,0,1,2,0,0,0
"puntare",0,0,0,0,0,3,0,0,1,0,0,0,0,0
"regalare",0,0,1,0,0,1,0,0,0,2,0,0,0,0
"resistere",1,0,0,2,0,0,0,0,0,1,0,0,0,0
"rilevare",0,0,1,0,0,0,0,0,1,1,0,0,1,0
"ritirare",0,0,0,0,0,1,0,0,0,0,0,0,0,3
"rivendere",0,0,0,0,0,0,0,3,0,0,0,0,0,1
"rovinare",0,0,0,0,0,1,0,1,0,1,0,0,0,1
"sbarcare",0,0,0,1,0,1,0,0,0,1,0,0,0,1
"scadere",0,0,0,0,0,0,0,0,0,0,0,4,0,0
"schiacciare",0,0,1,0,0,1,1,1,0,0,0,0,0,0
"scomodare",0,0,0,0,0,1,0,0,0,2,0,0,0,1
"sconfiggere",0,0,2,0,0,0,0,0,0,0,1,0,1,0
"segnalare",1,1,0,0,0,0,0,0,1,1,0,0,0,0
"seppellire",0,1,0,0,0,0,0,0,0,1,0,0,2,0
"sfruttare",1,0,1,0,0,0,0,0,0,1,1,0,0,0
"sfuggire",0,0,0,0,0,0,0,1,1,0,1,0,0,1
"soddisfare",0,0,0,0,0,0,1,0,1,2,0,0,0,0
"sognare",1,0,2,0,0,0,0,1,0,0,0,0,0,0
"sottratto",2,0,2,0,0,0,0,0,0,0,0,0,0,0
"spendere",0,0,3,0,0,1,0,0,0,0,0,0,0,0
"spentare",0,0,4,0,0,0,0,0,0,0,0,0,0,0
"sprecare",0,0,0,0,0,2,0,1,0,0,0,0,0,1
"spuntare",0,0,0,0,0,0,0,0,0,0,0,4,0,0
"starere",0,0,0,0,0,0,0,0,0,0,4,0,0,0
"strappare",1,0,0,0,0,0,0,2,1,0,0,0,0,0
"suggerire",3,0,0,0,0,0,0,0,0,1,0,0,0,0
"tendere",0,0,0,0,0,0,1,0,0,2,1,0,0,0
"trattenere",0,0,1,0,0,0,0,1,1,0,1,0,0,0
"travolgere",0,0,0,0,0,0,1,1,0,0,0,0,1,1
"urtare",0,0,3,1,0,0,0,0,0,0,0,0,0,0
"valere",0,0,0,0,0,0,0,0,0,4,0,0,0,0
"volare",0,0,0,0,0,1,0,0,0,1,1,1,0,0
"adeguare",0,0,0,0,0,1,0,0,1,0,1,0,0,0
"affettare",0,0,0,1,0,0,0,0,0,1,0,0,0,1
"affondare",0,0,1,1,0,0,0,0,1,0,0,0,0,0
"aggirare",1,0,0,0,0,0,1,0,1,0,0,0,0,0
"aggredire",0,0,0,0,0,0,0,3,0,0,0,0,0,0
"allargare",1,0,0,0,0,0,0,1,1,0,0,0,0,0
"allevare",1,0,0,0,0,0,0,1,1,0,0,0,0,0
"alleviare",0,0,0,0,0,1,2,0,0,0,0,0,0,0
"alterare",0,0,0,0,0,1,0,0,0,1,1,0,0,0
"applaudire",0,0,0,0,0,2,0,0,1,0,0,0,0,0
"appoggiare",0,0,0,0,0,1,1,0,0,0,0,0,0,1
"approfittare",0,0,0,0,0,1,0,0,1,0,1,0,0,0
"archiviare",0,0,1,0,0,0,0,0,0,0,0,0,1,1
"arrabbiare",0,0,0,0,0,1,1,0,0,0,0,0,0,1
"arrendere",0,0,0,0,0,0,0,0,0,0,0,0,0,3
"assaggiare",0,0,2,0,0,0,0,0,0,0,0,0,0,1
"assalire",0,0,1,0,0,1,0,0,0,0,0,0,1,0
"associare",1,0,0,0,0,1,0,0,0,0,0,0,1,0
"assorbire",0,0,0,0,0,0,0,1,0,1,1,0,0,0
"atterrare",0,0,0,0,0,0,0,0,0,0,0,1,0,2
"attingere",0,0,0,0,0,1,0,0,0,1,1,0,0,0
"attirare",0,0,0,0,0,1,0,0,2,0,0,0,0,0
"attrarre",1,0,0,0,0,0,0,0,1,0,0,0,1,0
"avanzare",1,0,0,0,0,0,1,0,0,0,1,0,0,0
"avvalersi",0,0,0,0,0,1,2,0,0,0,0,0,0,0
"ballare",0,0,1,1,0,0,0,0,0,1,0,0,0,0
"brillare",0,0,0,2,0,0,0,0,0,0,1,0,0,0
"bruciare",0,0,0,0,0,0,0,0,0,0,0,0,2,1
"capitare",0,0,0,3,0,0,0,0,0,0,0,0,0,0
"catturare",0,0,0,0,1,0,0,1,0,0,0,0,1,0
"censurare",1,0,0,0,0,2,0,0,0,0,0,0,0,0
"citare",2,0,0,0,0,0,0,0,0,0,0,0,0,1
"classificare",2,0,0,0,0,0,0,1,0,0,0,0,0,0
"coltivare",0,0,0,0,0,0,0,1,1,0,0,0,1,0
"completare",0,0,0,0,0,0,1,0,1,0,0,0,1,0
"concedere",0,0,0,0,0,1,1,0,0,0,1,0,0,0
"confrontare",0,0,1,0,0,2,0,0,0,0,0,0,0,0
"consacrare",0,0,1,0,0,0,0,0,0,0,0,0,2,0
"conservare",0,0,0,0,0,0,2,0,0,1,0,0,0,0
"coprire",0,0,0,0,0,1,1,0,0,1,0,0,0,0
"coricare",0,0,0,0,0,0,0,0,0,0,0,0,0,3
"corrispondere",0,0,0,0,0,0,1,0,0,0,2,0,0,0
"criticare",0,0,0,0,0,2,0,0,0,0,0,0,0,1
"debuttare",0,1,0,0,0,0,0,0,1,0,0,0,0,1
"decollare",0,0,0,0,0,0,0,0,0,0,0,2,1,0
"depositare",1,0,1,0,0,0,1,0,0,0,0,0,0,0
"detestare",0,0,0,0,0,0,0,0,0,2,1,0,0,0
"dichiarare",1,0,1,0,0,0,0,0,0,0,1,0,0,0
"disinfettare",0,0,2,0,0,0,0,0,1,0,0,0,0,0
"distinguere",1,0,0,0,0,0,0,0,1,0,0,0,0,1
"ereditare",0,0,1,0,0,0,0,0,1,1,0,0,0,0
"estendere",0,0,0,0,0,0,0,1,1,0,0,0,0,1
"fissare",0,0,1,0,0,0,0,1,0,0,0,0,0,1
"formulare",0,0,1,0,0,0,1,0,0,0,0,0,0,1
"guadagnare",1,0,0,0,0,1,0,0,0,0,0,0,0,1
"guarire",0,0,0,0,0,1,0,0,1,0,0,0,0,1
"illustrare",0,0,1,0,0,0,1,0,0,1,0,0,0,0
"imboccare",0,0,1,0,0,0,0,0,0,0,0,2,0,0
"immergere",0,0,0,0,0,0,0,1,0,0,0,0,0,2
"impegnare",1,0,0,0,0,0,0,0,0,1,0,0,0,1
"impiegare",0,0,0,0,0,1,0,2,0,0,0,0,0,0
"imporre",1,0,1,0,0,1,0,0,0,0,0,0,0,0
"incorporare",0,0,1,0,0,1,0,0,1,0,0,0,0,0
"indagare",2,0,0,0,0,1,0,0,0,0,0,0,0,0
"infilare",0,0,0,0,0,1,0,0,0,0,0,0,0,2
"ingerire",0,0,2,0,0,0,0,1,0,0,0,0,0,0
"inghiottire",1,0,0,0,1,0,0,0,0,0,0,0,0,1
"inseguire",0,0,0,0,0,1,0,0,1,0,0,0,1,0
"insistere",0,0,0,1,0,0,0,0,0,0,2,0,0,0
"interferire",0,0,0,0,0,0,1,0,0,0,2,0,0,0
"introdotto",1,0,0,0,0,0,0,2,0,0,0,0,0,0
"introdurre",0,0,0,0,0,0,0,0,1,1,1,0,0,0
"invadere",0,0,1,0,0,1,0,0,0,0,0,0,1,0
"inventare",1,0,1,0,0,1,0,0,0,0,0,0,0,0
"lavare",0,1,1,0,0,0,0,0,1,0,0,0,0,0
"levare",0,0,0,1,0,0,0,0,0,0,0,0,0,2
"lottare",0,0,2,0,0,1,0,0,0,0,0,0,0,0
"menzionare",2,0,0,0,0,0,0,0,0,0,0,0,0,1
"minacciare",0,0,2,0,0,0,0,0,1,0,0,0,0,0
"mormorare",0,0,0,1,0,0,1,0,0,1,0,0,0,0
"muovere",0,0,0,0,0,1,1,0,0,0,0,0,0,1
"onorare",0,0,0,0,0,1,0,0,1,1,0,0,0,0
"ospitare",0,0,0,0,0,0,0,0,1,2,0,0,0,0
"partorire",0,0,0,0,0,0,0,0,1,0,0,0,0,2
"precedere",1,0,0,0,0,0,0,1,0,1,0,0,0,0
"precisare",0,0,0,0,0,1,0,0,1,0,0,1,0,0
"procurare",1,0,0,0,0,0,0,0,2,0,0,0,0,0
"protestare",0,0,1,0,0,1,0,0,1,0,0,0,0,0
"pungere",0,0,0,0,0,0,0,0,0,3,0,0,0,0
"reagire",0,0,1,0,0,1,0,0,0,0,0,0,0,1
"reggere",0,0,1,2,0,0,0,0,0,0,0,0,0,0
"respirare",0,1,1,1,0,0,0,0,0,0,0,0,0,0
"ribadire",1,0,1,0,0,0,0,0,1,0,0,0,0,0
"ricoprire",0,0,1,1,0,0,0,0,0,0,1,0,0,0
"riferire",0,0,1,0,0,0,1,0,1,0,0,0,0,0
"rifiutare",1,0,0,0,0,0,0,0,0,2,0,0,0,0
"rilasciare",0,0,1,0,0,0,1,0,0,0,0,0,1,0
"rimosso",0,0,3,0,0,0,0,0,0,0,0,0,0,0
"rintracciare",1,0,2,0,0,0,0,0,0,0,0,0,0,0
"ripristinare",0,0,0,0,0,0,0,1,2,0,0,0,0,0
"risolto",0,0,1,0,0,0,0,1,0,0,0,0,1,0
"risparmiare",0,0,0,0,0,0,1,0,2,0,0,0,0,0
"riunire",0,0,0,0,0,0,0,1,1,0,1,0,0,0
"rivolgere",0,0,0,0,0,1,0,1,0,0,1,0,0,0
"sacrificare",0,0,0,0,0,2,0,1,0,0,0,0,0,0
"sbagliare",0,0,1,0,0,0,0,2,0,0,0,0,0,0
"scambiare",2,0,0,0,0,1,0,0,0,0,0,0,0,0
"scavalcare",0,0,2,0,0,1,0,0,0,0,0,0,0,0
"sciogliere",0,0,0,0,0,1,0,0,0,1,0,0,1,0
"scusare",0,0,0,0,0,1,0,0,1,0,0,0,0,1
"separare",0,0,1,0,0,0,0,0,1,0,0,0,0,1
"servare",0,0,0,0,0,0,0,0,0,3,0,0,0,0
"servere",0,0,0,0,0,0,0,0,0,2,1,0,0,0
"sistemare",0,0,0,0,0,1,0,2,0,0,0,0,0,0
"smentire",1,0,0,0,0,0,0,1,0,1,0,0,0,0
"sopportare",1,0,0,0,0,0,0,1,0,1,0,0,0,0
"sorgere",0,0,0,0,0,0,0,0,0,0,1,2,0,0
"sorridere",0,0,0,0,0,1,0,0,0,2,0,0,0,0
"sospettare",2,0,0,0,0,0,0,0,0,1,0,0,0,0
"sottrarra",0,0,0,0,0,0,3,0,0,0,0,0,0,0
"sottrarre",0,0,0,0,0,0,2,0,0,0,1,0,0,0
"spazzare",0,0,0,0,0,0,1,2,0,0,0,0,0,0
"sperare",0,0,0,0,0,0,0,0,0,3,0,0,0,0
"spostare",0,0,1,0,0,0,0,0,1,0,0,0,1,0
"stendere",0,0,1,0,0,1,0,0,1,0,0,0,0,0
"successo",1,0,0,0,0,0,0,2,0,0,0,0,0,0
"suonare",0,0,0,1,0,0,0,0,0,1,0,1,0,0
"suscitare",1,0,0,0,0,1,0,0,1,0,0,0,0,0
"sussista",0,0,0,1,0,0,0,0,0,0,2,0,0,0
"svelare",0,0,0,0,0,0,1,0,0,1,0,0,0,1
"tacere",0,0,0,1,0,1,0,0,0,1,0,0,0,0
"tradire",0,0,0,0,0,0,0,2,0,0,0,0,0,1
"vado",0,2,0,0,0,0,0,0,0,1,0,0,0,0
"vanificare",0,0,0,0,1,0,1,1,0,0,0,0,0,0
"vare",0,0,0,0,0,0,0,0,1,1,0,1,0,0
"volere",0,0,0,2,0,0,0,0,0,1,0,0,0,0
"vomitare",0,0,1,0,0,0,0,1,0,0,0,0,0,1
"abbracciare",0,0,0,0,0,0,0,1,0,0,0,0,0,1
"abolire",0,0,1,0,0,0,1,0,0,0,0,0,0,0
"accorgersi",0,0,0,0,0,0,0,0,1,0,0,0,0,1
"accrescere",0,0,0,0,0,0,1,0,1,0,0,0,0,0
"adattare",0,0,0,0,0,0,1,0,0,0,0,0,0,1
"addentrare",0,0,0,1,0,0,0,0,0,0,0,0,0,1
"additare",2,0,0,0,0,0,0,0,0,0,0,0,0,0
"aderire",0,0,1,0,0,0,0,0,0,0,0,0,0,1
"affiggere",1,0,0,0,0,0,0,1,0,0,0,0,0,0
"affogare",0,0,0,1,0,1,0,0,0,0,0,0,0,0
"alienare",0,0,0,0,0,1,0,0,0,0,0,0,0,1
"alludere",0,0,0,0,0,0,0,0,0,1,0,1,0,0
"ammirare",0,0,0,0,0,0,0,2,0,0,0,0,0,0
"annusare",0,0,1,0,0,0,0,0,1,0,0,0,0,0
"appaiare",0,0,0,0,0,0,0,0,0,1,0,1,0,0
"appendere",0,0,0,0,0,0,0,0,0,0,0,0,2,0
"appiccare",0,0,0,0,0,1,0,0,0,0,0,0,0,1
"appurare",0,0,2,0,0,0,0,0,0,0,0,0,0,0
"arginare",0,0,0,0,0,0,1,0,1,0,0,0,0,0
"arricchire",0,0,0,0,0,2,0,0,0,0,0,0,0,0
"arrotolare",0,0,0,0,0,0,0,0,0,0,0,0,0,2
"aspirare",0,0,0,0,0,0,0,1,0,1,0,0,0,0
"assomigliare",0,0,0,0,0,0,0,0,0,1,1,0,0,0
"autorizzare",0,0,0,0,0,0,0,2,0,0,0,0,0,0
"avvantaggiare",0,0,0,0,0,0,0,1,0,1,0,0,0,0
"baciare",0,0,0,0,0,1,0,0,1,0,0,0,0,0
"bagnare",0,0,0,0,0,0,1,0,0,0,0,1,0,0
"bazzicare",0,1,1,0,0,0,0,0,0,0,0,0,0,0
"cacciare",0,0,0,0,0,0,0,0,0,1,0,0,0,1
"caratterizzare",2,0,0,0,0,0,0,0,0,0,0,0,0,0
"carpire",0,0,0,0,0,0,2,0,0,0,0,0,0,0
"cessare",0,0,0,0,0,0,1,0,0,0,1,0,0,0
"collegare",0,0,0,0,0,0,0,0,1,0,1,0,0,0
"collocare",1,0,0,0,0,0,0,1,0,0,0,0,0,0
"comandare",0,0,1,0,0,0,0,0,0,1,0,0,0,0
"commentare",0,0,0,0,0,0,0,0,0,0,0,0,0,2
"comporre",0,0,0,0,0,0,0,1,0,0,0,1,0,0
"compromettere",0,0,0,0,0,0,0,1,0,0,0,0,0,1
"comunicare",0,0,0,0,0,1,0,0,0,1,0,0,0,0
"conciliare",0,0,0,0,0,0,1,0,1,0,0,0,0,0
"concorrere",0,0,0,0,0,0,0,0,1,0,1,0,0,0
"confidare",0,0,0,0,0,0,0,1,0,1,0,0,0,0
"confortare",0,0,0,0,0,1,1,0,0,0,0,0,0,0
"congratularsi",0,0,0,0,0,1,0,0,1,0,0,0,0,0
"contare",0,0,0,0,0,0,0,0,0,2,0,0,0,0
"contattare",0,0,0,0,0,1,0,0,1,0,0,0,0,0
"contestare",0,0,0,0,0,1,1,0,0,0,0,0,0,0
"contrarre",0,0,2,0,0,0,0,0,0,0,0,0,0,0
"convocare",0,0,0,0,0,0,0,0,0,0,0,0,1,1
"convogliare",1,0,0,0,0,0,1,0,0,0,0,0,0,0
"coordinare",0,0,0,0,0,0,0,1,1,0,0,0,0,0
"coperto",1,0,0,0,0,0,0,1,0,0,0,0,0,0
"costare",0,0,0,0,0,0,0,0,0,1,1,0,0,0
"danneggiare",0,0,0,0,0,1,0,0,0,1,0,0,0,0
"declamare",0,0,1,0,0,0,0,0,0,0,0,1,0,0
"deflagrare",0,0,0,0,0,0,0,0,0,0,0,2,0,0
"designare",0,0,0,0,0,0,0,0,0,1,1,0,0,0
"destare",0,0,0,0,1,0,1,0,0,0,0,0,0,0
"detrarre",1,0,1,0,0,0,0,0,0,0,0,0,0,0
"deviare",0,0,0,1,0,1,0,0,0,0,0,0,0,0
"difettare",0,0,0,0,0,0,0,0,0,1,1,0,0,0
"dimettere",0,0,0,0,0,0,0,0,0,0,0,0,0,2
"diretto",0,0,2,0,0,0,0,0,0,0,0,0,0,0
"disputare",0,0,1,0,0,0,0,0,1,0,0,0,0,0
"distillare",0,0,0,0,0,0,2,0,0,0,0,0,0,0
"distrarre",0,0,0,0,0,1,0,0,1,0,0,0,0,0
"disturbare",0,0,0,0,0,0,0,0,0,1,1,0,0,0
"divampare",0,0,0,0,0,0,0,0,0,0,0,2,0,0
"dominare",0,0,0,0,0,0,1,0,0,0,1,0,0,0
"elaborare",1,0,0,0,0,0,0,1,0,0,0,0,0,0
"equivalere",0,0,0,0,0,0,0,0,0,0,2,0,0,0
"esaltare",0,0,0,0,0,0,0,0,1,1,0,0,0,0
"esclamare",0,0,0,2,0,0,0,0,0,0,0,0,0,0
"esercire",0,0,0,0,0,0,1,0,0,0,1,0,0,0
"espellere",0,0,0,0,0,0,0,0,0,0,0,0,2,0
"esperire",0,0,1,0,0,0,1,0,0,0,0,0,0,0
"espletare",0,0,1,0,0,0,1,0,0,0,0,0,0,0
"estinguere",0,0,0,0,0,1,0,0,1,0,0,0,0,0
"estrarre",0,0,0,0,0,0,1,0,0,0,0,1,0,0
"etichettare",2,0,0,0,0,0,0,0,0,0,0,0,0,0
"evidenziare",0,0,0,0,0,0,1,0,0,0,1,0,0,0
"evocare",0,0,1,0,1,0,0,0,0,0,0,0,0,0
"fagocitare",0,0,0,0,0,0,0,0,0,0,0,0,2,0
"faticare",0,0,0,0,0,0,0,0,0,2,0,0,0,0
"festeggiare",0,0,0,0,0,0,0,0,0,0,0,1,0,1
"fingere",0,0,0,0,0,0,0,0,0,1,1,0,0,0
"fiutare",0,0,1,0,0,0,0,0,0,0,1,0,0,0
"fomentare",0,0,0,0,0,1,0,0,0,0,1,0,0,0
"forzare",0,0,2,0,0,0,0,0,0,0,0,0,0,0
"frangere",0,0,0,0,0,0,2,0,0,0,0,0,0,0
"fungere",0,0,0,0,0,0,1,0,0,0,1,0,0,0
"gestire",0,0,0,0,0,0,0,0,2,0,0,0,0,0
"illuminare",1,0,0,0,0,0,1,0,0,0,0,0,0,0
"imitare",0,0,0,0,0,0,0,1,0,1,0,0,0,0
"immobilizzare",0,0,2,0,0,0,0,0,0,0,0,0,0,0
"impiccare",0,0,0,0,0,2,0,0,0,0,0,0,0,0
"inalare",0,0,1,0,0,0,0,1,0,0,0,0,0,0
"incanalare",0,0,0,0,0,2,0,0,0,0,0,0,0,0
"incappare",0,0,0,1,0,0,1,0,0,0,0,0,0,0
"incassare",0,0,1,0,0,1,0,0,0,0,0,0,0,0
"incentivare",0,0,0,0,0,0,0,0,2,0,0,0,0,0
"inciampare",0,0,0,1,0,0,0,0,0,1,0,0,0,0
"increspare",0,0,0,0,0,0,2,0,0,0,0,0,0,0
"indebolire",0,0,0,0,0,0,1,0,1,0,0,0,0,0
"infliggere",0,0,1,0,0,0,0,1,0,0,0,0,0,0
"influenzare",1,0,0,0,0,0,0,0,0,1,0,0,0,0
"informare",0,0,0,0,0,0,0,1,1,0,0,0,0,0
"infornare",0,0,0,0,0,0,0,0,0,0,0,0,0,2
"innalzare",0,0,0,0,0,1,0,0,0,0,1,0,0,0
"instaurare",0,0,0,0,0,0,1,0,0,1,0,0,0,0
"intascare",0,0,2,0,0,0,0,0,0,0,0,0,0,0
"interagire",0,0,0,0,0,0,1,0,1,0,0,0,0,0
"intercettare",1,0,0,0,0,0,0,0,0,0,0,0,1,0
"interessare",0,0,0,0,0,0,0,0,1,0,1,0,0,0
"interpretare",0,0,0,0,0,0,1,0,1,0,0,0,0,0
"intimare",0,0,0,0,0,0,0,0,0,0,0,0,2,0
"intravedere",0,0,0,2,0,0,0,0,0,0,0,0,0,0
"intuire",0,0,0,0,0,0,0,0,0,1,0,0,0,1
"irritare",0,0,0,0,0,1,0,0,0,1,0,0,0,0
"iscrivere",0,0,0,0,0,0,0,1,0,0,0,0,0,1
"lambire",0,0,0,0,0,0,2,0,0,0,0,0,0,0
"licenziare",0,0,0,0,0,0,0,1,0,0,0,0,1,0
"menare",0,0,0,0,0,1,0,1,0,0,0,0,0,0
"meritare",2,0,0,0,0,0,0,0,0,0,0,0,0,0
"messa",0,0,0,0,0,0,0,2,0,0,0,0,0,0
"misurare",0,0,0,0,0,0,0,0,0,0,0,0,2,0
"moltiplicare",0,0,1,0,0,1,0,0,0,0,0,0,0,0
"montare",1,0,0,0,0,0,0,1,0,0,0,0,0,0
"negare",0,0,0,0,0,0,0,1,0,0,1,0,0,0
"obbedire",0,0,0,0,0,2,0,0,0,0,0,0,0,0
"obbligare",1,0,0,0,0,0,1,0,0,0,0,0,0,0
"oltrepassare",0,0,0,0,0,0,0,0,0,0,0,1,0,1
"omettere",0,0,0,0,0,0,0,2,0,0,0,0,0,0
"orientare",0,0,0,0,0,0,1,0,1,0,0,0,0,0
"osteggiare",0,0,0,0,0,0,0,0,0,2,0,0,0,0
"ottimizzare",0,0,0,0,0,0,0,0,1,0,1,0,0,0
"ovviare",0,0,0,0,0,1,1,0,0,0,0,0,0,0
"paralizzare",0,0,0,0,0,0,0,0,0,1,1,0,0,0
"pendere",0,0,0,1,0,1,0,0,0,0,0,0,0,0
"perseguire",1,0,0,0,0,0,0,0,0,0,1,0,0,0
"piazzare",0,0,0,0,0,1,0,0,1,0,0,0,0,0
"poggiare",0,0,0,0,0,0,1,0,0,1,0,0,0,0
"pompare",0,0,1,0,0,0,0,0,0,0,0,0,1,0
"posare",0,0,0,0,0,1,0,0,0,0,0,0,0,1
"postare",0,0,2,0,0,0,0,0,0,0,0,0,0,0
"potenziare",0,0,0,0,0,1,0,0,0,0,1,0,0,0
"praticare",0,0,1,0,0,0,0,0,0,0,1,0,0,0
"predisporre",0,0,0,0,0,0,2,0,0,0,0,0,0,0
"prenotare",0,0,0,0,0,0,0,0,0,0,0,0,0,2
"presupporre",0,0,0,0,0,0,0,0,0,0,2,0,0,0
"prevalere",0,0,0,1,0,0,0,0,0,0,1,0,0,0
"progettare",0,0,0,0,0,0,0,0,1,1,0,0,0,0
"promettere",0,0,2,0,0,0,0,0,0,0,0,0,0,0
"promosso",1,0,0,0,0,0,0,0,0,0,0,0,1,0
"promuovere",0,0,0,0,0,0,0,0,2,0,0,0,0,0
"pulire",0,0,1,0,0,0,1,0,0,0,0,0,0,0
"quantificare",0,0,0,0,0,1,0,0,1,0,0,0,0,0
"rafforzare",0,0,0,0,0,0,2,0,0,0,0,0,0,0
"rafforzarele",0,0,0,0,0,0,2,0,0,0,0,0,0,0
"recidere",0,0,0,0,0,1,1,0,0,0,0,0,0,0
"regnare",0,1,0,0,0,0,0,0,0,0,1,0,0,0
"regolare",0,0,1,0,0,0,0,0,0,0,1,0,0,0
"reputare",0,0,0,0,0,0,0,0,0,1,1,0,0,0
"respingere",0,0,0,0,0,2,0,0,0,0,0,0,0,0
"riacquistare",0,0,1,0,0,0,0,0,0,0,0,0,1,0
"riassumere",0,0,0,0,0,0,1,0,0,0,1,0,0,0
"richiamare",0,0,0,0,0,0,1,0,0,0,0,0,1,0
"ricondurre",0,0,0,0,0,0,0,0,0,0,2,0,0,0
"ricoverare",0,0,0,0,0,0,0,2,0,0,0,0,0,0
"ridere",0,0,0,0,0,0,0,0,0,2,0,0,0,0
"ridimensionare",0,0,0,0,0,0,0,0,0,1,0,0,1,0
"riformare",0,0,0,0,0,0,0,0,0,1,1,0,0,0
"rifuggire",0,0,0,0,0,0,0,0,0,1,1,0,0,0
"rilassare",0,0,0,0,0,1,0,0,1,0,0,0,0,0
"rimpicciolire",1,0,0,0,0,1,0,0,0,0,0,0,0,0
"rimuovere",2,0,0,0,0,0,0,0,0,0,0,0,0,0
"rincorrere",1,0,0,0,0,0,0,0,0,1,0,0,0,0
"ringraziare",0,0,1,0,0,0,0,0,1,0,0,0,0,0
"rinnovare",0,0,2,0,0,0,0,0,0,0,0,0,0,0
"riordinare",0,0,1,0,0,0,0,0,1,0,0,0,0,0
"riprodurre",0,0,0,0,0,1,0,0,0,0,1,0,0,0
"riscoprire",0,0,0,0,0,0,0,0,0,1,0,0,0,1
"risedere",0,0,0,0,0,0,0,0,0,0,2,0,0,0
"rispecchiare",0,0,0,0,0,0,0,0,0,2,0,0,0,0
"ristabilire",0,0,2,0,0,0,0,0,0,0,0,0,0,0
"risuonare",0,0,1,0,0,0,0,0,0,1,0,0,0,0
"ritornare",0,0,0,0,0,0,0,0,0,0,0,1,0,1
"rituffare",0,0,0,0,0,0,0,0,0,0,0,0,0,2
"sancire",0,0,1,0,0,0,0,0,0,1,0,0,0,0
"sanzionare",1,0,0,0,0,0,0,0,1,0,0,0,0,0
"sbarazzare",0,0,0,0,0,0,0,0,0,0,0,0,0,2
"sbattere",0,0,0,0,0,0,1,0,0,0,0,0,1,0
"sbocciare",0,0,0,0,0,0,0,0,0,0,0,1,0,1
"sbucare",0,0,0,2,0,0,0,0,0,0,0,0,0,0
"scagliare",0,0,0,0,0,0,0,0,0,0,0,0,0,2
"scaraventare",0,0,0,0,0,0,0,0,0,0,0,0,1,1
"scardinare",0,0,1,0,0,0,0,1,0,0,0,0,0,0
"scavare",0,0,2,0,0,0,0,0,0,0,0,0,0,0
"scoccare",0,0,0,1,0,0,0,0,0,0,0,0,1,0
"scontare",0,0,2,0,0,0,0,0,0,0,0,0,0,0
"scopare",0,0,1,0,0,0,0,0,0,1,0,0,0,0
"scoraggiare",0,0,0,0,0,2,0,0,0,0,0,0,0,0
"scovare",0,0,1,0,0,0,0,0,0,0,0,0,0,1
"sfiorare",0,0,1,0,0,0,0,0,0,1,0,0,0,0
"sigillare",0,0,1,0,0,0,0,0,1,0,0,0,0,0
"smaltire",0,0,0,0,0,0,1,0,0,0,0,0,1,0
"soccorrere",0,0,1,0,0,1,0,0,0,0,0,0,0,0
"soffro",0,1,0,0,0,0,0,0,0,0,1,0,0,0
"sollere",0,0,0,0,0,0,0,0,0,1,1,0,0,0
"somigliare",0,0,0,1,0,0,0,0,0,0,1,0,0,0
"sommergere",0,0,0,2,0,0,0,0,0,0,0,0,0,0
"somministrare",0,0,1,0,0,0,0,1,0,0,0,0,0,0
"sorprendere",1,0,0,0,0,0,0,0,0,0,1,0,0,0
"sorvegliare",0,0,0,0,0,0,1,0,1,0,0,0,0,0
"sottrare",0,0,0,0,0,0,2,0,0,0,0,0,0,0
"spalmare",0,0,1,0,0,0,0,0,0,0,0,0,0,1
"spaventare",0,0,0,0,0,1,0,0,0,0,0,0,0,1
"spazzolare",0,0,1,0,0,0,0,0,0,0,0,1,0,0
"spegnere",0,0,0,0,0,0,0,0,0,0,0,0,0,2
"spesare",0,0,2,0,0,0,0,0,0,0,0,0,0,0
"spetta",0,0,0,0,0,0,0,0,0,0,2,0,0,0
"spiazzare",1,0,1,0,0,0,0,0,0,0,0,0,0,0
"spiccare",0,0,1,0,0,0,0,0,0,0,0,0,0,1
"spirare",0,0,0,1,0,0,0,0,0,0,0,0,0,1
"spogliare",2,0,0,0,0,0,0,0,0,0,0,0,0,0
"spopolare",1,0,0,0,0,0,0,0,1,0,0,0,0,0
"sporre",0,0,0,0,0,0,0,0,0,1,0,1,0,0
"spruzzare",0,0,0,0,0,1,1,0,0,0,0,0,0,0
"staccare",0,0,0,0,0,0,0,0,1,0,0,0,0,1
"stappare",0,0,1,0,0,0,0,0,0,0,0,0,0,1
"stimolare",0,0,0,0,0,0,1,0,1,0,0,0,0,0
"stipare",1,0,0,0,0,0,0,0,1,0,0,0,0,0
"stretto",0,0,1,0,0,0,0,1,0,0,0,0,0,0
"succedare",0,0,0,0,0,0,0,0,0,0,0,2,0,0
"svegliare",0,0,0,0,0,1,0,1,0,0,0,0,0,0
"svenire",0,0,0,1,0,0,0,0,0,0,0,1,0,0
"svuotare",2,0,0,0,0,0,0,0,0,0,0,0,0,0
"tacitare",0,0,0,0,0,0,0,0,0,0,0,0,2,0
"telefonare",0,0,0,0,0,2,0,0,0,0,0,0,0,0
"temare",0,0,0,0,0,0,0,0,0,1,1,0,0,0
"terrorizzare",0,0,0,0,0,1,0,0,1,0,0,0,0,0
"tessere",0,0,0,0,0,1,0,1,0,0,0,0,0,0
"tradotto",1,0,1,0,0,0,0,0,0,0,0,0,0,0
"tradurre",0,0,0,0,0,0,0,0,0,1,0,0,1,0
"trafitto",0,0,1,0,0,0,0,0,0,0,0,0,1,0
"tramandare",1,0,0,0,0,0,1,0,0,0,0,0,0,0
"trascinare",0,0,0,0,0,0,0,1,0,0,0,0,0,1
"trasporre",0,0,0,0,0,0,0,0,0,1,0,0,1,0
"tuffare",0,0,0,0,0,0,0,1,0,0,0,0,0,1
"ubriacare",0,0,0,0,0,0,0,0,0,0,0,0,0,2
"ucciso",0,2,0,0,0,0,0,0,0,0,0,0,0,0
"umiliare",0,0,0,0,0,0,0,1,0,1,0,0,0,0
"uscito",0,0,1,0,0,0,0,1,0,0,0,0,0,0
"varcare",0,0,0,0,0,0,0,0,0,0,0,1,0,1
"viaggiare",0,0,0,0,0,0,0,0,0,1,1,0,0,0
"vietare",1,0,0,0,0,1,0,0,0,0,0,0,0,0
"violentare",0,0,0,0,0,0,0,0,1,0,0,0,1,0
"visualizzare",0,0,0,0,0,0,0,0,2,0,0,0,0,0
"abbaiare",0,0,0,0,0,0,0,0,0,0,0,1,0,0
"abbeverare",0,0,0,0,0,0,0,0,1,0,0,0,0,0
"abbordare",0,0,0,0,0,1,0,0,0,0,0,0,0,0
"abbreviare",0,0,0,0,0,0,0,0,0,1,0,0,0,0
"abdicare",0,0,0,0,0,0,0,0,0,0,0,0,0,1
"accelerare",0,0,0,0,0,1,0,0,0,0,0,0,0,0
"accendere",0,0,0,0,0,0,0,0,0,0,0,0,0,1
"accentuare",0,0,0,0,0,0,0,0,1,0,0,0,0,0
"accidente",0,0,0,0,0,0,0,0,0,1,0,0,0,0
"acciuffare",0,0,1,0,0,0,0,0,0,0,0,0,0,0
"accoltellare",0,0,1,0,0,0,0,0,0,0,0,0,0,0
"accomodare",0,0,0,0,0,0,0,0,0,0,0,0,0,1
"acconsentire",0,0,0,0,0,0,0,0,0,0,0,0,0,1
"accontentare",0,0,0,0,0,1,0,0,0,0,0,0,0,0
"accoppare",0,0,0,0,0,1,0,0,0,0,0,0,0,0
"accorciare",0,0,0,0,0,0,0,1,0,0,0,0,0,0
"accorpare",1,0,0,0,0,0,0,0,0,0,0,0,0,0
"accreditare",0,0,0,0,0,0,0,1,0,0,0,0,0,0
"accucciare",0,0,0,0,0,0,0,0,1,0,0,0,0,0
"addentare",0,0,0,0,0,0,0,0,0,0,0,0,0,1
"addivenire",0,0,0,0,0,0,1,0,0,0,0,0,0,0
"addossare",0,0,0,0,0,0,0,0,0,1,0,0,0,0
"adempiere",0,0,0,0,0,0,0,0,1,0,0,0,0,0
"adibire",0,0,0,0,0,0,0,0,0,0,0,0,1,0
"adocchiare",0,0,0,0,0,0,0,0,0,0,0,0,0,1
"adoperare",0,0,0,0,0,0,0,0,0,1,0,0,0,0
"adorare",0,0,0,0,0,0,0,0,0,1,0,0,0,0
"affacciare",0,0,0,0,0,0,0,0,0,0,0,0,0,1
"affascinare",1,0,0,0,0,0,0,0,0,0,0,0,0,0
"affiancare",0,0,0,0,0,0,0,0,0,0,0,0,1,0
"affinare",0,0,0,0,0,0,0,0,1,0,0,0,0,0
"agganciare",1,0,0,0,0,0,0,0,0,0,0,0,0,0
"aggregare",0,0,0,0,0,1,0,0,0,0,0,0,0,0
"agÃ¬re",0,0,0,0,0,0,0,0,0,1,0,0,0,0
"allarmare",0,0,0,0,0,0,0,0,1,0,0,0,0,0
"allestire",1,0,0,0,0,0,0,0,0,0,0,0,0,0
"allungare",0,0,0,0,0,0,1,0,0,0,0,0,0,0
"ambire",0,0,0,0,0,0,0,0,0,1,0,0,0,0
"americanizzare",0,0,0,0,0,1,0,0,0,0,0,0,0,0
"ammalare",0,0,0,0,0,0,0,0,0,0,0,0,0,1
"ammanettare",0,0,1,0,0,0,0,0,0,0,0,0,0,0
"ammonire",0,0,0,0,0,1,0,0,0,0,0,0,0,0
"amoreggiare",0,0,0,0,0,0,0,0,0,1,0,0,0,0
"ampliare",0,0,0,0,0,0,1,0,0,0,0,0,0,0
"animare",0,0,0,0,0,0,0,1,0,0,0,0,0,0
"annegare",0,0,0,0,0,0,0,0,0,0,0,1,0,0
"annoverare",1,0,0,0,0,0,0,0,0,0,0,0,0,0
"annuire",0,0,0,0,0,0,0,0,1,0,0,0,0,0
"appesantire",0,0,0,0,0,0,0,1,0,0,0,0,0,0
"appioppare",0,0,0,0,0,0,0,1,0,0,0,0,0,0
"apportare",0,0,0,0,0,0,0,0,0,0,1,0,0,0
"apprestare",0,0,0,0,0,0,1,0,0,0,0,0,0,0
"architettare",1,0,0,0,0,0,0,0,0,0,0,0,0,0
"ardere",0,0,0,0,0,0,0,0,0,0,1,0,0,0
"arrampicare",0,0,0,0,0,1,0,0,0,0,0,0,0,0
"arretrare",0,0,0,0,0,0,0,0,0,1,0,0,0,0
"articolare",0,0,1,0,0,0,0,0,0,0,0,0,0,0
"arzigogolare",0,0,0,0,0,1,0,0,0,0,0,0,0,0
"ascendere",0,0,0,0,0,0,0,0,0,0,0,0,0,1
"asciugare",0,0,0,0,0,0,0,0,0,0,0,0,0,1
"assecondare",0,0,0,0,0,0,1,0,0,0,0,0,0,0
"assentire",0,0,0,0,0,1,0,0,0,0,0,0,0,0
"assimilare",1,0,0,0,0,0,0,0,0,0,0,0,0,0
"assoggettare",0,0,0,0,0,0,0,1,0,0,0,0,0,0
"assottigliare",0,0,0,0,0,0,0,0,1,0,0,0,0,0
"astrarre",0,0,0,0,0,0,0,0,0,0,1,0,0,0
"attenere",0,0,0,0,0,0,0,0,0,0,1,0,0,0
"attenuare",0,0,0,0,0,0,1,0,0,0,0,0,0,0
"attrsare",1,0,0,0,0,0,0,0,0,0,0,0,0,0
"auspicare",0,0,1,0,0,0,0,0,0,0,0,0,0,0
"autocrocifiggere",0,0,0,0,0,1,0,0,0,0,0,0,0,0
"autorecludire",0,0,0,0,0,0,0,0,0,0,1,0,0,0
"avallare",0,0,0,0,0,0,0,0,0,0,0,0,0,1
"avvalorare",0,0,0,0,0,0,1,0,0,0,0,0,0,0
"avvederere",0,0,0,0,0,0,0,1,0,0,0,0,0,0
"avvelenare",0,0,0,0,0,0,0,1,0,0,0,0,0,0
"avvistare",0,0,0,0,0,0,0,0,0,0,0,0,1,0
"azzardare",0,0,0,0,0,0,0,0,0,0,0,0,0,1
"azzerare",0,0,1,0,0,0,0,0,0,0,0,0,0,0
"barrare",0,0,1,0,0,0,0,0,0,0,0,0,0,0
"barricare",0,0,1,0,0,0,0,0,0,0,0,0,0,0
"basare",1,0,0,0,0,0,0,0,0,0,0,0,0,0
"basso",0,0,0,0,0,0,0,0,0,0,1,0,0,0
"bastonare",0,0,0,0,0,1,0,0,0,0,0,0,0,0
"beneficiare",0,0,0,0,0,0,1,0,0,0,0,0,0,0
"bersagliare",0,0,0,0,0,0,0,1,0,0,0,0,0,0
"biascicare",0,0,1,0,0,0,0,0,0,0,0,0,0,0
"bisticciare",0,0,0,0,0,0,0,0,0,0,0,0,1,0
"bolla",0,1,0,0,0,0,0,0,0,0,0,0,0,0
"bollire",0,0,0,0,0,0,0,0,0,0,0,0,1,0
"bonificare",0,0,1,0,0,0,0,0,0,0,0,0,0,0
"buttarciso",0,0,0,0,0,1,0,0,0,0,0,0,0,0
"cadente",0,0,0,0,0,0,1,0,0,0,0,0,0,0
"cagionare",0,0,1,0,0,0,0,0,0,0,0,0,0,0
"calmare",0,0,0,0,0,0,0,0,1,0,0,0,0,0
"campano",0,0,0,0,0,0,0,0,0,1,0,0,0,0
"capitalizzare",0,0,1,0,0,0,0,0,0,0,0,0,0,0
"captare",1,0,0,0,0,0,0,0,0,0,0,0,0,0
"caramellare",0,0,0,0,0,0,0,0,0,1,0,0,0,0
"catapultare",0,0,0,0,0,0,0,0,0,0,0,0,1,0
"cavare",0,0,0,0,0,0,0,1,0,0,0,0,0,0
"celare",0,0,0,0,0,0,1,0,0,0,0,0,0,0
"centrare",0,0,0,0,0,0,0,0,0,0,0,0,0,1
"chiederle",0,0,0,0,0,0,0,0,1,0,0,0,0,0
"circondare",1,0,0,0,0,0,0,0,0,0,0,0,0,0
"circoscriverso",0,0,0,0,0,1,0,0,0,0,0,0,0,0
"clonare",0,0,0,0,0,0,0,1,0,0,0,0,0,0
"coesistere",0,0,0,0,0,0,0,0,0,1,0,0,0,0
"coincidere",0,0,0,0,0,0,0,0,0,0,1,0,0,0
"colonizzare",1,0,0,0,0,0,0,0,0,0,0,0,0,0
"commemorare",1,0,0,0,0,0,0,0,0,0,0,0,0,0
"commercializzare",0,0,0,0,0,0,0,0,0,0,0,0,1,0
"compare",0,0,0,1,0,0,0,0,0,0,0,0,0,0
"compensare",0,0,0,0,0,0,1,0,0,0,0,0,0,0
"comperare",0,0,0,0,0,0,0,0,1,0,0,0,0,0
"competente",0,0,0,0,1,0,0,0,0,0,0,0,0,0
"competere",0,0,0,0,0,0,0,0,1,0,0,0,0,0
"complicare",0,0,0,0,0,1,0,0,0,0,0,0,0,0
"concentramare",0,0,0,0,0,0,0,0,1,0,0,0,0,0
"concepire",0,0,0,0,0,1,0,0,0,0,0,0,0,0
"concertare",0,0,0,0,0,0,1,0,0,0,0,0,0,0
"concesso",0,0,1,0,0,0,0,0,0,0,0,0,0,0
"concupire",0,0,0,0,0,1,0,0,0,0,0,0,0,0
"condire",0,0,0,0,0,0,0,0,0,0,0,0,1,0
"condotta",0,0,1,0,0,0,0,0,0,0,0,0,0,0
"confessare",0,0,1,0,0,0,0,0,0,0,0,0,0,0
"confezionare",0,0,0,0,0,0,0,0,1,0,0,0,0,0
"conficcare",0,0,0,0,0,0,0,0,1,0,0,0,0,0
"confinare",0,0,0,0,0,0,0,1,0,0,0,0,0,0
"confondere",1,0,0,0,0,0,0,0,0,0,0,0,0,0
"confutare",0,0,0,0,0,0,0,0,1,0,0,0,0,0
"congedare",0,0,0,0,0,0,0,0,0,0,0,0,0,1
"congelare",0,0,0,0,0,0,0,1,0,0,0,0,0,0
"coniare",0,0,1,0,0,0,0,0,0,0,0,0,0,0
"consistere",0,0,0,0,0,0,0,0,0,0,1,0,0,0
"consolare",0,0,0,0,0,0,0,0,1,0,0,0,0,0
"contemplare",0,0,0,0,0,0,0,0,0,1,0,0,0,0
"contraddire",0,0,0,0,0,0,0,0,0,1,0,0,0,0
"contrariare",0,0,0,0,0,0,0,0,0,0,1,0,0,0
"contrastarere",0,0,0,0,0,0,0,0,0,0,1,0,0,0
"convalidare",0,0,0,0,0,0,0,0,1,0,0,0,0,0
"convenire",0,0,0,1,0,0,0,0,0,0,0,0,0,0
"convergere",0,0,0,0,0,0,0,0,0,0,1,0,0,0
"copiare",0,0,0,0,0,0,1,0,0,0,0,0,0,0
"coronare",0,0,0,0,0,0,0,1,0,0,0,0,0,0
"correggere",0,0,0,0,0,0,0,0,1,0,0,0,0,0
"corrompere",0,0,0,0,0,1,0,0,0,0,0,0,0,0
"cospargere",0,0,1,0,0,0,0,0,0,0,0,0,0,0
"cospirare",0,0,0,0,0,0,0,1,0,0,0,0,0,0
"cotta",0,0,1,0,0,0,0,0,0,0,0,0,0,0
"crepitare",0,0,0,1,0,0,0,0,0,0,0,0,0,0
"cristallizzare",0,0,0,0,0,0,0,0,0,0,0,0,0,1
"cucinare",0,0,0,0,0,0,0,0,1,0,0,0,0,0
"cullare",0,0,0,1,0,0,0,0,0,0,0,0,0,0
"cuocere",0,0,0,0,0,1,0,0,0,0,0,0,0,0
"danzare",0,0,0,0,0,0,0,0,0,0,1,0,0,0
"decadere",0,0,0,0,0,0,0,0,0,0,0,0,0,1
"decapitare",0,0,0,0,1,0,0,0,0,0,0,0,0,0
"declinare",0,0,0,0,0,0,0,1,0,0,0,0,0,0
"decorare",0,0,0,0,0,0,0,0,1,0,0,0,0,0
"dedurre",0,0,0,0,0,0,1,0,0,0,0,0,0,0
"degenerare",0,0,0,0,0,0,0,0,0,0,0,1,0,0
"degradare",0,0,0,0,0,0,0,0,0,0,0,0,1,0
"degustare",0,0,0,0,0,0,0,1,0,0,0,0,0,0
"delegare",0,0,0,0,0,1,0,0,0,0,0,0,0,0
"deliberare",0,0,0,0,0,0,1,0,0,0,0,0,0,0
"delimitare",0,0,0,0,0,0,0,0,0,1,0,0,0,0
"delirare",0,0,0,0,0,0,0,0,0,0,1,0,0,0
"demolire",0,0,0,0,0,0,0,1,0,0,0,0,0,0
"denotare",0,0,0,0,0,0,0,0,0,1,0,0,0,0
"depennare",0,0,0,0,0,0,0,1,0,0,0,0,0,0
"deperire",0,0,0,0,0,0,0,0,0,0,0,1,0,0
"deportare",0,0,0,0,0,0,0,0,0,0,0,0,1,0
"deprecare",0,0,0,0,0,0,0,0,0,1,0,0,0,0
"depurare",0,0,0,0,0,0,0,0,1,0,0,0,0,0
"derubare",0,0,0,0,0,0,0,1,0,0,0,0,0,0
"derubricare",0,0,0,0,1,0,0,0,0,0,0,0,0,0
"desistere",0,0,0,1,0,0,0,0,0,0,0,0,0,0
"detenere",0,0,0,0,0,0,0,0,0,0,1,0,0,0
"detergere",0,0,0,0,0,1,0,0,0,0,0,0,0,0
"deteriorare",0,0,0,0,0,1,0,0,0,0,0,0,0,0
"detonare",0,0,0,0,0,0,0,0,0,0,0,1,0,0
"detta",1,0,0,0,0,0,0,0,0,0,0,0,0,0
"devolere",0,0,0,0,0,0,0,1,0,0,0,0,0,0
"diagnosticare",0,0,0,0,0,0,0,1,0,0,0,0,0,0
"dibattere",1,0,0,0,0,0,0,0,0,0,0,0,0,0
"digitare",0,0,1,0,0,0,0,0,0,0,0,0,0,0
"dilatare",0,0,0,0,0,0,0,0,0,0,1,0,0,0
"dimezzare",0,0,1,0,0,0,0,0,0,0,0,0,0,0
"diretta",0,0,0,0,0,0,0,1,0,0,0,0,0,0
"disattivare",0,0,1,0,0,0,0,0,0,0,0,0,0,0
"disboscare",0,0,0,0,0,1,0,0,0,0,0,0,0,0
"discendere",0,0,0,0,0,0,0,0,0,1,0,0,0,0
"discernere",0,0,0,0,0,0,0,0,0,0,0,0,0,1
"discusso",0,0,0,0,0,0,0,0,0,0,0,0,1,0
"disfare",0,0,0,0,0,0,0,0,0,1,0,0,0,0
"disinserire",0,0,0,0,0,0,0,0,0,0,0,0,1,0
"disintegrare",0,0,0,0,0,0,0,0,0,0,0,0,0,1
"disperdere",0,0,0,0,0,1,0,0,0,0,0,0,0,0
"dissentire",0,0,0,0,0,0,0,0,0,1,0,0,0,0
"disseppellire",0,0,0,0,0,0,0,1,0,0,0,0,0,0
"dissetare",0,0,0,0,0,0,0,0,1,0,0,0,0,0
"dissimulare",0,0,0,0,0,1,0,0,0,0,0,0,0,0
"dissipare",0,0,1,0,0,0,0,0,0,0,0,0,0,0
"dissolvere",0,0,0,0,0,0,0,0,0,0,0,0,0,1
"dissuadere",0,0,0,0,0,1,0,0,0,0,0,0,0,0
"distendere",0,0,0,0,0,0,0,0,1,0,0,0,0,0
"distrare",0,0,0,0,0,0,0,0,1,0,0,0,0,0
"disubbidire",0,0,0,0,0,0,0,1,0,0,0,0,0,0
"disvelare",1,0,0,0,0,0,0,0,0,0,0,0,0,0
"divellere",0,0,1,0,0,0,0,0,0,0,0,0,0,0
"divergere",0,0,0,0,0,0,0,0,0,0,1,0,0,0
"dividere",0,0,1,0,0,0,0,0,0,0,0,0,0,0
"divorziare",0,1,0,0,0,0,0,0,0,0,0,0,0,0
"divulgare",0,0,0,0,0,0,0,1,0,0,0,0,0,0
"domare",0,0,0,0,0,1,0,0,0,0,0,0,0,0
"donare",0,0,0,0,0,0,0,0,0,1,0,0,0,0
"dribblare",0,0,1,0,0,0,0,0,0,0,0,0,0,0
"dubitare",0,0,0,0,0,0,0,0,0,0,1,0,0,0
"duplicare",0,0,0,0,0,0,0,0,1,0,0,0,0,0
"eccitare",0,0,0,0,0,0,0,0,1,0,0,0,0,0
"elevare",0,0,0,0,0,0,0,0,0,1,0,0,0,0
"eludere",0,0,1,0,0,0,0,0,0,0,0,0,0,0
"emanare",0,0,0,0,0,0,0,0,0,0,1,0,0,0
"emettere",0,0,0,0,0,0,0,0,0,0,1,0,0,0
"emulare",0,0,0,0,0,1,0,0,0,0,0,0,0,0
"enunciare",0,0,0,0,0,0,0,1,0,0,0,0,0,0
"equipaggiare",0,0,0,0,0,0,0,0,0,0,0,0,0,1
"equiparare",0,0,0,0,0,0,0,1,0,0,0,0,0,0
"ere",0,0,0,0,0,0,0,1,0,0,0,0,0,0
"ergere",0,0,0,0,0,1,0,0,0,0,0,0,0,0
"erigere",0,0,0,0,0,1,0,0,0,0,0,0,0,0
"erompere",0,0,0,0,0,0,0,0,0,0,0,1,0,0
"esalare",0,0,0,0,0,0,0,0,0,0,0,0,0,1
"esca",0,0,0,0,0,0,0,0,0,0,0,1,0,0
"esigere",0,0,0,0,0,0,0,0,0,0,1,0,0,0
"esiliare",0,0,0,0,0,0,0,0,0,0,0,0,1,0
"esitare",0,0,0,0,0,0,0,0,0,1,0,0,0,0
"esonerare",1,0,0,0,0,0,0,0,0,0,0,0,0,0
"esortare",0,0,0,0,0,0,0,1,0,0,0,0,0,0
"espatriare",0,0,0,0,0,0,0,0,0,0,0,0,0,1
"espiare",0,0,0,0,0,0,1,0,0,0,0,0,0,0
"esplicitare",0,0,0,0,0,0,0,0,0,0,0,0,0,1
"espungere",0,0,0,0,0,0,0,0,0,0,1,0,0,0
"estirpare",0,0,0,0,0,1,0,0,0,0,0,0,0,0
"eternare",0,0,0,0,0,0,0,0,0,0,1,0,0,0
"evaporare",0,0,0,0,0,0,0,0,0,0,0,1,0,0
"evolvere",0,0,0,0,0,0,0,0,0,0,0,1,0,0
"fabbricare",0,0,0,0,0,0,0,1,0,0,0,0,0,0
"fecondare",0,0,1,0,0,0,0,0,0,0,0,0,0,0
"ferire",0,0,1,0,0,0,0,0,0,0,0,0,0,0
"fiatare",0,0,0,1,0,0,0,0,0,0,0,0,0,0
"fidare",0,0,0,0,0,0,0,0,0,0,0,0,0,1
"filare",0,0,0,0,0,1,0,0,0,0,0,0,0,0
"fiorire",0,0,0,0,0,0,0,0,0,0,1,0,0,0
"foderare",0,0,0,0,0,1,0,0,0,0,0,0,0,0
"foraggiare",0,0,0,0,0,0,0,0,0,1,0,0,0,0
"formalizzare",0,0,0,0,0,0,0,1,0,0,0,0,0,0
"formattare",0,0,0,0,0,0,0,0,0,0,0,0,0,1
"fracassare",0,0,0,0,0,0,0,0,0,0,0,0,0,1
"fraternizzare",0,0,0,0,0,0,1,0,0,0,0,0,0,0
"fregare",0,0,0,0,0,0,0,1,0,0,0,0,0,0
"frodare",0,0,1,0,0,0,0,0,0,0,0,0,0,0
"frugare",0,0,1,0,0,0,0,0,0,0,0,0,0,0
"fulminare",0,0,0,0,0,0,0,0,0,0,0,0,0,1
"gattonare",0,1,0,0,0,0,0,0,0,0,0,0,0,0
"giovare",0,0,0,0,0,1,0,0,0,0,0,0,0,0
"glorificare",1,0,0,0,0,0,0,0,0,0,0,0,0,0
"granire",1,0,0,0,0,0,0,0,0,0,0,0,0,0
"illudere",0,0,1,0,0,0,0,0,0,0,0,0,0,0
"imbalsamare",0,0,1,0,0,0,0,0,0,0,0,0,0,0
"imbarcare",0,0,0,0,0,0,0,0,0,0,0,0,0,1
"imbrigliare",0,0,0,0,0,0,0,0,1,0,0,0,0,0
"imburrare",0,0,1,0,0,0,0,0,0,0,0,0,0,0
"immagazzinare",0,0,0,0,0,0,0,0,1,0,0,0,0,0
"immortalare",0,0,0,0,0,0,0,0,1,0,0,0,0,0
"impacchettare",0,0,0,0,0,0,0,0,0,0,0,0,1,0
"impartire",0,0,1,0,0,0,0,0,0,0,0,0,0,0
"impazzare",0,1,0,0,0,0,0,0,0,0,0,0,0,0
"impazzire",0,0,0,0,0,0,0,0,0,0,0,0,0,1
"impennare",0,0,0,0,0,1,0,0,0,0,0,0,0,0
"impiantare",0,0,0,0,0,0,0,1,0,0,0,0,0,0
"importare",0,0,0,0,0,0,0,0,0,1,0,0,0,0
"impostare",0,0,0,0,0,0,0,0,1,0,0,0,0,0
"impregnare",0,0,1,0,0,0,0,0,0,0,0,0,0,0
"imprestare",0,0,0,0,0,0,0,1,0,0,0,0,0,0
"imputare",0,0,0,0,0,0,0,1,0,0,0,0,0,0
"inabissare",0,0,0,0,0,0,0,0,0,0,0,0,0,1
"inarcare",0,0,0,0,0,0,0,0,0,1,0,0,0,0
"inattivare",0,0,0,0,0,0,0,0,0,0,1,0,0,0
"incamminare",0,0,0,0,0,0,0,0,0,0,0,0,0,1
"incaricare",0,0,0,0,0,0,0,0,0,0,1,0,0,0
"incartare",0,0,0,0,0,1,0,0,0,0,0,0,0,0
"incendiare",0,0,0,0,0,0,0,0,0,0,0,1,0,0
"incominciare",0,0,0,0,0,0,0,0,0,0,0,0,0,1
"incrementare",0,0,0,0,0,0,0,0,1,0,0,0,0,0
"incrinare",1,0,0,0,0,0,0,0,0,0,0,0,0,0
"incrociare",0,0,0,0,0,0,0,0,0,0,0,0,0,1
"incurvare",0,0,0,0,0,1,0,0,0,0,0,0,0,0
"indettare",1,0,0,0,0,0,0,0,0,0,0,0,0,0
"indire",0,0,0,0,0,0,0,0,0,0,0,0,0,1
"indirizzare",0,0,0,0,0,0,0,1,0,0,0,0,0,0
"infierire",0,0,1,0,0,0,0,0,0,0,0,0,0,0
"inframmezzare",0,0,0,0,0,0,0,0,0,1,0,0,0,0
"infuriare",0,1,0,0,0,0,0,0,0,0,0,0,0,0
"ingaggiare",0,0,0,0,0,0,0,0,0,0,0,0,0,1
"ingannare",0,0,0,0,0,0,1,0,0,0,0,0,0,0
"inglobare",0,0,0,0,0,0,0,0,1,0,0,0,0,0
"ingoiare",0,0,1,0,0,0,0,0,0,0,0,0,0,0
"ingrassare",0,0,0,0,0,0,0,0,1,0,0,0,0,0
"inibire",0,0,0,0,0,0,0,0,0,0,1,0,0,0
"innamorare",0,0,0,0,0,1,0,0,0,0,0,0,0,0
"inoltrare",0,0,0,0,0,0,0,0,0,0,0,0,1,0
"inquietare",0,0,0,0,0,0,0,0,1,0,0,0,0,0
"insaccare",0,0,0,0,0,0,0,0,0,0,0,0,0,1
"insignire",0,0,0,0,0,0,0,1,0,0,0,0,0,0
"insorgere",0,0,0,0,0,0,0,0,0,0,0,1,0,0
"installare",0,0,0,0,0,0,0,1,0,0,0,0,0,0
"intaccare",0,0,0,0,0,0,0,0,0,0,0,0,0,1
"integrare",1,0,0,0,0,0,0,0,0,0,0,0,0,0
"interpellare",0,0,0,0,0,0,0,0,0,1,0,0,0,0
"interrompere",0,0,0,0,0,0,1,0,0,0,0,0,0,0
"intimorire",0,0,0,0,0,0,0,0,1,0,0,0,0,0
"inumare",0,0,0,0,0,0,0,1,0,0,0,0,0,0
"irradiare",0,0,0,0,0,0,0,0,0,1,0,0,0,0
"irrompere",0,0,0,0,0,0,1,0,0,0,0,0,0,0
"iscritto",0,0,1,0,0,0,0,0,0,0,0,0,0,0
"istituire",0,0,0,0,0,0,0,0,0,0,0,0,0,1
"lagnarsi",0,0,0,0,0,1,0,0,0,0,0,0,0,0
"legittimare",0,0,0,0,0,0,0,0,0,0,1,0,0,0
"legnare",0,0,0,0,0,0,0,0,0,0,1,0,0,0
"lessare",0,0,0,0,0,1,0,0,0,0,0,0,0,0
"liberalizzare",0,0,0,0,0,1,0,0,0,0,0,0,0,0
"lievitare",0,0,0,0,0,0,0,0,0,1,0,0,0,0
"liquidare",0,0,1,0,0,0,0,0,0,0,0,0,0,0
"lumeggiare",0,0,0,0,0,0,0,0,1,0,0,0,0,0
"maestro",0,0,0,0,0,0,0,0,0,0,0,1,0,0
"manipolare",0,0,0,0,0,0,0,0,1,0,0,0,0,0
"manovrare",0,0,0,0,0,1,0,0,0,0,0,0,0,0
"marcare",0,0,0,0,0,0,0,0,0,0,1,0,0,0
"marchiare",0,0,0,0,0,1,0,0,0,0,0,0,0,0
"massacrare",0,0,0,0,0,0,0,0,0,1,0,0,0,0
"masturbare",0,0,0,0,0,1,0,0,0,0,0,0,0,0
"maturare",0,0,0,0,0,0,0,0,0,0,0,0,0,1
"medicare",0,0,0,0,0,0,0,1,0,0,0,0,0,0
"memorizzare",0,0,0,0,0,0,0,0,0,0,0,1,0,0
"mentire",0,0,0,0,0,0,0,0,0,0,1,0,0,0
"metabolizzare",0,0,0,0,0,0,0,0,0,0,1,0,0,0
"minare",0,0,0,0,0,0,0,0,0,0,1,0,0,0
"minimizzare",0,0,0,0,0,0,1,0,0,0,0,0,0,0
"mira",0,0,0,0,0,0,0,0,0,0,1,0,0,0
"mobilitare",1,0,0,0,0,0,0,0,0,0,0,0,0,0
"modellare",0,0,0,0,0,0,0,0,0,0,0,0,1,0
"mollare",0,0,1,0,0,0,0,0,0,0,0,0,0,0
"monopolizzare",1,0,0,0,0,0,0,0,0,0,0,0,0,0
"mordere",0,0,0,0,0,0,0,0,0,0,0,0,0,1
"motivare",0,0,0,0,0,0,0,0,1,0,0,0,0,0
"municipalizzare",0,0,0,0,0,0,1,0,0,0,0,0,0,0
"murare",1,0,0,0,0,0,0,0,0,0,0,0,0,0
"muta",0,0,0,0,0,0,0,0,0,0,1,0,0,0
"mutilare",0,0,0,0,0,0,0,1,0,0,0,0,0,0
"navigare",0,0,0,0,0,0,0,0,0,1,0,0,0,0
"noia",0,0,0,1,0,0,0,0,0,0,0,0,0,0
"obliquo",0,0,0,1,0,0,0,0,0,0,0,0,0,0
"obliterare",0,0,0,0,0,1,0,0,0,0,0,0,0,0
"occludere",0,0,0,0,0,0,0,0,0,0,1,0,0,0
"odiare",0,0,0,0,0,1,0,0,0,0,0,0,0,0
"omaggiare",0,0,0,0,0,0,0,0,1,0,0,0,0,0
"omologare",1,0,0,0,0,0,0,0,0,0,0,0,0,0
"opporre",0,0,0,0,0,1,0,0,0,0,0,0,0,0
"optare",0,0,0,0,0,1,0,0,0,0,0,0,0,0
"orchestrare",0,0,0,0,0,1,0,0,0,0,0,0,0,0
"originanre",0,0,0,0,0,0,1,0,0,0,0,0,0,0
"origliare",0,0,0,0,0,0,0,0,1,0,0,0,0,0
"ostacolare",0,0,0,0,0,0,0,0,1,0,0,0,0,0
"ostare",0,0,0,0,0,0,0,0,0,1,0,0,0,0
"ottemperare",0,0,0,0,0,0,1,0,0,0,0,0,0,0
"pagano",0,0,0,0,0,0,0,0,0,1,0,0,0,0
"palpare",0,0,1,0,0,0,0,0,0,0,0,0,0,0
"parare",0,0,0,0,0,0,1,0,0,0,0,0,0,0
"parcare",0,1,0,0,0,0,0,0,0,0,0,0,0,0
"parcheggiare",0,0,0,0,0,0,0,1,0,0,0,0,0,0
"pareggiare",0,0,1,0,0,0,0,0,0,0,0,0,0,0
"partirsi",0,0,0,0,0,1,0,0,0,0,0,0,0,0
"pascere",0,0,0,0,0,0,1,0,0,0,0,0,0,0
"passeggiare",0,0,1,0,0,0,0,0,0,0,0,0,0,0
"pasteggiare",0,0,1,0,0,0,0,0,0,0,0,0,0,0
"per",0,0,0,0,0,0,0,1,0,0,0,0,0,0
"perdonare",0,0,0,0,0,0,0,1,0,0,0,0,0,0
"perlustrare",0,0,1,0,0,0,0,0,0,0,0,0,0,0
"permanere",0,0,0,1,0,0,0,0,0,0,0,0,0,0
"perpetrare",0,0,0,0,0,0,0,0,0,0,1,0,0,0
"pescare",0,0,0,0,0,0,0,1,0,0,0,0,0,0
"pestare",0,0,0,0,0,0,0,0,0,0,0,0,1,0
"piacere",0,0,0,1,0,0,0,0,0,0,0,0,0,0
"piagnucolare",0,0,0,0,0,1,0,0,0,0,0,0,0,0
"pianificare",0,0,0,0,0,0,0,1,0,0,0,0,0,0
"piegare",0,0,0,0,0,0,1,0,0,0,0,0,0,0
"pietrificare",0,0,0,0,0,0,1,0,0,0,0,0,0,0
"pilotare",0,0,0,0,0,0,0,1,0,0,0,0,0,0
"piombare",0,0,0,0,0,0,0,0,1,0,0,0,0,0
"piovere",0,0,0,0,0,0,0,0,0,0,0,1,0,0
"piroettare",0,0,1,0,0,0,0,0,0,0,0,0,0,0
"pisciare",0,0,0,0,0,0,0,0,0,1,0,0,0,0
"pizzicare",0,0,0,0,0,0,1,0,0,0,0,0,0,0
"placcare",0,0,0,0,0,0,0,0,0,0,0,0,1,0
"polarizzare",1,0,0,0,0,0,0,0,0,0,0,0,0,0
"porgere",0,0,0,0,0,0,0,0,0,0,0,0,0,1
"pranzare",0,0,1,0,0,0,0,0,0,0,0,0,0,0
"predicare",0,0,0,0,0,1,0,0,0,0,0,0,0,0
"pregiudicare",0,0,0,0,0,0,0,0,0,0,1,0,0,0
"pregustare",0,0,0,0,0,0,0,0,0,1,0,0,0,0
"prelevare",0,0,1,0,0,0,0,0,0,0,0,0,0,0
"premiare",0,0,0,0,0,0,0,0,1,0,0,0,0,0
"preoccupare",0,0,0,0,0,0,0,0,1,0,0,0,0,0
"prescegliere",0,0,0,0,0,0,0,0,0,0,0,0,1,0
"presumere",0,0,0,0,0,0,0,0,0,0,1,0,0,0
"professare",0,0,0,0,0,0,0,0,0,0,1,0,0,0
"profetizzare",1,0,0,0,0,0,0,0,0,0,0,0,0,0
"profondere",0,0,1,0,0,0,0,0,0,0,0,0,0,0
"programmare",0,0,0,0,0,0,0,0,0,0,0,0,1,0
"proiettare",0,0,0,0,0,0,1,0,0,0,0,0,0,0
"prolungare",0,0,0,0,0,0,0,0,0,1,0,0,0,0
"proporzionare",1,0,0,0,0,0,0,0,0,0,0,0,0,0
"protrarre",0,0,0,0,0,0,1,0,0,0,0,0,0,0
"provvedere",0,0,1,0,0,0,0,0,0,0,0,0,0,0
"punire",1,0,0,0,0,0,0,0,0,0,0,0,0,0
"puntellare",0,0,0,0,0,0,0,0,1,0,0,0,0,0
"puntino",0,0,0,0,0,0,1,0,0,0,0,0,0,0
"puntualizzare",0,0,0,0,0,0,0,0,0,0,1,0,0,0
"qualificare",0,0,0,0,0,0,0,0,0,0,1,0,0,0
"racimolare",0,0,1,0,0,0,0,0,0,0,0,0,0,0
"raddrizzare",0,0,0,0,0,0,0,0,1,0,0,0,0,0
"radere",0,0,0,0,1,0,0,0,0,0,0,0,0,0
"raffigurare",0,0,0,0,0,0,0,0,0,0,1,0,0,0
"raffreddare",0,0,0,0,0,0,0,0,1,0,0,0,0,0
"raggiare",0,0,0,0,0,0,0,0,0,0,1,0,0,0
"raggranellare",0,0,0,0,0,0,0,0,1,0,0,0,0,0
"ragguagliare",0,0,0,0,0,0,1,0,0,0,0,0,0,0
"ragionare",0,0,1,0,0,0,0,0,0,0,0,0,0,0
"rallegrare",0,0,0,0,0,1,0,0,0,0,0,0,0,0
"rallentare",1,0,0,0,0,0,0,0,0,0,0,0,0,0
"ramare",0,0,0,0,0,0,0,0,0,0,1,0,0,0
"rannicchiare",0,0,0,0,0,0,0,0,0,0,0,0,0,1
"rapinare",0,0,1,0,0,0,0,0,0,0,0,0,0,0
"rapire",0,0,0,0,0,0,0,1,0,0,0,0,0,0
"rapportare",1,0,0,0,0,0,0,0,0,0,0,0,0,0
"rasserenare",0,0,0,0,0,1,0,0,0,0,0,0,0,0
"rassicurare",0,0,0,0,0,0,1,0,0,0,0,0,0,0
"redatto",0,0,0,0,0,0,0,1,0,0,0,0,0,0
"reimpostare",1,0,0,0,0,0,0,0,0,0,0,0,0,0
"reintegrare",0,0,0,0,0,0,0,1,0,0,0,0,0,0
"restringere",0,0,0,0,0,0,0,0,0,1,0,0,0,0
"retribuire",1,0,0,0,0,0,0,0,0,0,0,0,0,0
"riabilitare",0,0,0,0,0,1,0,0,0,0,0,0,0,0
"riaccompagnare",0,0,0,0,0,0,0,0,0,0,0,0,1,0
"riaddormentare",0,0,0,0,0,0,0,0,0,0,0,0,0,1
"rialzare",0,0,0,0,0,0,0,0,0,0,0,0,0,1
"riamare",0,0,0,0,0,1,0,0,0,0,0,0,0,0
"riappendere",0,0,1,0,0,0,0,0,0,0,0,0,0,0
"riassorbire",0,0,1,0,0,0,0,0,0,0,0,0,0,0
"riattaccare",0,0,0,0,0,0,0,0,0,0,0,0,0,1
"ribollire",0,0,0,0,0,0,1,0,0,0,0,0,0,0
"ributtare",0,0,0,0,0,0,0,1,0,0,0,0,0,0
"ricavare",0,0,0,0,0,0,1,0,0,0,0,0,0,0
"ricercare",0,0,0,0,0,0,0,0,0,1,0,0,0,0
"ricomparire",0,0,0,1,0,0,0,0,0,0,0,0,0,0
"ricomporre",0,0,0,0,0,0,0,0,0,0,0,0,0,1
"riconquistare",0,0,1,0,0,0,0,0,0,0,0,0,0,0
"riconsegnare",0,0,0,0,0,0,0,1,0,0,0,0,0,0
"ricostituire",0,0,0,0,0,0,0,0,1,0,0,0,0,0
"ricostruire",0,0,0,0,0,0,0,0,0,1,0,0,0,0
"ridefinire",0,0,0,0,0,0,1,0,0,0,0,0,0,0
"ridicolizzare",0,0,0,0,0,0,0,0,1,0,0,0,0,0
"ridiscendere",0,0,0,0,0,0,0,0,0,0,0,0,0,1
"ridiscutere",0,0,0,0,0,0,1,0,0,0,0,0,0,0
"riempiere",0,0,0,0,0,0,1,0,0,0,0,0,0,0
"riequilibrare",0,0,0,0,0,0,0,0,1,0,0,0,0,0
"riesplodere",0,0,0,0,0,0,0,0,0,1,0,0,0,0
"rifluire",0,0,0,0,0,0,1,0,0,0,0,0,0,0
"rimandare",0,0,0,0,0,0,0,0,0,0,0,0,0,1
"rimbalzare",0,0,0,0,0,0,0,0,0,0,0,0,0,1
"rimborsare",0,0,0,0,0,0,0,1,0,0,0,0,0,0
"rimbrottare",0,0,0,0,0,0,0,1,0,0,0,0,0,0
"rimontare",0,0,1,0,0,0,0,0,0,0,0,0,0,0
"rimpiazzare",0,0,1,0,0,0,0,0,0,0,0,0,0,0
"rimuginare",0,0,0,1,0,0,0,0,0,0,0,0,0,0
"rincasare",0,0,0,0,0,0,0,0,0,0,0,1,0,0
"rinchiudere",0,0,0,0,0,0,0,1,0,0,0,0,0,0
"rinfrescare",0,0,0,0,0,1,0,0,0,0,0,0,0,0
"rinnegare",1,0,0,0,0,0,0,0,0,0,0,0,0,0
"rinsaldare",0,0,0,0,0,1,0,0,0,0,0,0,0,0
"rinviare",0,0,0,0,0,0,0,0,0,0,1,0,0,0
"riparare",0,0,1,0,0,0,0,0,0,0,0,0,0,0
"ripensare",0,0,0,0,0,0,0,0,0,1,0,0,0,0
"ripescare",0,0,0,0,0,0,0,0,0,0,0,0,1,0
"ripianare",0,0,0,0,0,0,0,0,1,0,0,0,0,0
"ripiegare",0,0,0,0,0,1,0,0,0,0,0,0,0,0
"riposare",0,0,1,0,0,0,0,0,0,0,0,0,0,0
"ripresentare",1,0,0,0,0,0,0,0,0,0,0,0,0,0
"riproporre",1,0,0,0,0,0,0,0,0,0,0,0,0,0
"ripulire",0,0,0,0,0,0,1,0,0,0,0,0,0,0
"risarcire",0,0,0,0,0,0,0,1,0,0,0,0,0,0
"riscaldare",0,0,0,0,0,0,0,0,0,0,1,0,0,0
"risciacquare",0,0,0,0,0,0,0,0,0,0,0,0,0,1
"riscomparire",0,0,0,0,0,0,0,0,0,0,0,0,0,1
"risentire",0,0,0,0,0,0,0,0,1,0,0,0,0,0
"risolvertire",0,0,0,0,0,0,0,0,1,0,0,0,0,0
"risorgere",0,0,0,0,0,0,0,0,0,1,0,0,0,0
"rispedire",0,0,1,0,0,0,0,0,0,0,0,0,0,0
"ristorare",0,0,0,0,0,0,1,0,0,0,0,0,0,0
"risuscitare",0,0,0,0,0,0,0,1,0,0,0,0,0,0
"ritardare",0,0,0,0,0,0,0,0,0,0,1,0,0,0
"ritirarso",0,0,0,0,0,1,0,0,0,0,0,0,0,0
"ritmare",0,0,0,0,0,0,1,0,0,0,0,0,0,0
"ritoccare",0,0,0,0,0,0,0,1,0,0,0,0,0,0
"rivedere",0,0,0,0,0,0,0,0,0,0,0,1,0,0
"rivestire",0,0,0,0,0,0,1,0,0,0,0,0,0,0
"rivisitare",0,0,0,0,0,0,0,0,0,1,0,0,0,0
"rogare",0,0,0,0,0,0,0,1,0,0,0,0,0,0
"rovesciare",0,0,0,0,0,0,0,0,0,0,0,0,1,0
"rubacchiare",0,0,0,0,0,0,0,0,0,1,0,0,0,0
"saggiare",0,0,0,0,0,0,0,0,1,0,0,0,0,0
"sala",0,0,0,0,0,0,0,0,0,1,0,0,0,0
"salpare",0,0,0,0,0,0,0,0,0,0,0,1,0,0
"sanare",0,0,0,0,0,0,0,0,1,0,0,0,0,0
"sanguinare",1,0,0,0,0,0,0,0,0,0,0,0,0,0
"sbaragliare",0,0,1,0,0,0,0,0,0,0,0,0,0,0
"sbloccare",0,0,0,0,0,0,0,0,1,0,0,0,0,0
"sbottare",0,0,0,1,0,0,0,0,0,0,0,0,0,0
"sbranare",0,0,0,0,0,0,0,0,0,0,0,0,0,1
"sbrigliare",1,0,0,0,0,0,0,0,0,0,0,0,0,0
"scacciare",0,0,0,0,0,0,0,0,1,0,0,0,0,0
"scalare",0,0,0,0,0,0,0,0,1,0,0,0,0,0
"scampare",0,0,0,0,0,0,0,0,1,0,0,0,0,0
"scarcerare",0,0,0,0,0,0,0,0,1,0,0,0,0,0
"scarica",0,0,0,0,0,0,0,0,0,1,0,0,0,0
"schernire",1,0,0,0,0,0,0,0,0,0,0,0,0,0
"scherzare",0,0,0,0,0,0,0,0,0,0,1,0,0,0
"schiarire",0,0,0,0,0,1,0,0,0,0,0,0,0,0
"schierare",0,0,0,0,0,0,0,1,0,0,0,0,0,0
"schivare",0,0,0,0,0,0,0,0,0,1,0,0,0,0
"sciacquare",0,0,0,0,0,0,1,0,0,0,0,0,0,0
"scintillare",0,0,0,0,0,0,1,0,0,0,0,0,0,0
"sciorinare",0,0,0,0,0,0,0,0,0,0,1,0,0,0
"scivolare",0,0,0,0,0,0,0,0,0,0,0,1,0,0
"scollinare",0,0,0,1,0,0,0,0,0,0,0,0,0,0
"scombinare",0,0,0,0,0,0,0,0,0,0,1,0,0,0
"scordare",0,0,0,0,0,0,1,0,0,0,0,0,0,0
"scorgere",0,0,0,1,0,0,0,0,0,0,0,0,0,0
"scosso",0,0,0,0,0,0,0,1,0,0,0,0,0,0
"scostare",0,0,1,0,0,0,0,0,0,0,0,0,0,0
"scottare",0,0,0,0,0,0,0,0,0,1,0,0,0,0
"scrollare",0,0,0,0,0,0,1,0,0,0,0,0,0,0
"scucire",0,0,0,0,0,0,0,0,0,0,0,0,0,1
"scuotere",0,0,0,0,0,1,0,0,0,0,0,0,0,0
"sedare",0,0,0,0,0,0,1,0,0,0,0,0,0,0
"sedotto",0,0,0,0,0,0,0,1,0,0,0,0,0,0
"sedurre",0,1,0,0,0,0,0,0,0,0,0,0,0,0
"segmentare",0,0,0,0,0,0,0,0,0,0,1,0,0,0
"selezionare",0,0,1,0,0,0,0,0,0,0,0,0,0,0
"sequestrare",0,0,0,0,0,1,0,0,0,0,0,0,0,0
"serva",0,0,0,1,0,0,0,0,0,0,0,0,0,0
"sfacchinare",0,0,1,0,0,0,0,0,0,0,0,0,0,0
"sfaldare",0,0,0,0,0,0,0,0,0,0,0,0,0,1
"sfamare",0,0,0,0,0,1,0,0,0,0,0,0,0,0
"sferrare",0,0,0,0,0,0,0,0,0,0,0,1,0,0
"sfiduciare",0,0,0,0,0,0,0,0,0,0,0,0,1,0
"sfigurare",0,0,0,0,0,0,0,1,0,0,0,0,0,0
"sfilare",0,0,0,0,0,0,0,0,0,0,0,0,0,1
"sfociare",0,0,0,0,0,1,0,0,0,0,0,0,0,0
"sforzare",0,0,0,0,0,1,0,0,0,0,0,0,0,0
"sfumare",0,0,0,0,0,0,0,0,0,0,0,0,0,1
"sganciare",0,0,1,0,0,0,0,0,0,0,0,0,0,0
"sgattaiolare",0,0,0,0,0,0,0,0,0,0,0,0,0,1
"sgomberare",0,0,0,0,0,0,0,0,0,0,0,0,1,0
"sgominare",0,0,1,0,0,0,0,0,0,0,0,0,0,0
"sgorgare",0,0,0,1,0,0,0,0,0,0,0,0,0,0
"sgozzare",0,0,1,0,0,0,0,0,0,0,0,0,0,0
"sgranchire",0,0,0,0,0,0,0,0,1,0,0,0,0,0
"siedare",0,1,0,0,0,0,0,0,0,0,0,0,0,0
"sillogizzare",0,0,0,0,0,0,1,0,0,0,0,0,0,0
"silurare",0,0,1,0,0,0,0,0,0,0,0,0,0,0
"sintetizzare",1,0,0,0,0,0,0,0,0,0,0,0,0,0
"slacciare",0,0,0,0,0,0,0,0,0,0,0,0,0,1
"smarrire",0,0,1,0,0,0,0,0,0,0,0,0,0,0
"smontare",0,0,0,0,0,0,0,0,0,0,0,0,0,1
"smorzare",0,0,0,0,0,1,0,0,0,0,0,0,0,0
"smussare",0,0,0,0,0,0,1,0,0,0,0,0,0,0
"snellire",0,0,0,0,0,0,1,0,0,0,0,0,0,0
"snobbare",0,1,0,0,0,0,0,0,0,0,0,0,0,0
"so",0,1,0,0,0,0,0,0,0,0,0,0,0,0
"soffermare",0,0,0,0,0,1,0,0,0,0,0,0,0,0
"soffocare",0,0,0,0,0,0,0,0,0,0,0,1,0,0
"soffre",0,0,0,0,0,0,0,0,0,1,0,0,0,0
"soffrire",0,0,0,0,0,0,0,0,0,1,0,0,0,0
"solare",0,0,0,0,0,0,0,0,0,0,1,0,0,0
"sollecitare",0,0,0,0,0,0,0,0,0,1,0,0,0,0
"soluzione",0,0,0,0,0,0,0,0,0,1,0,0,0,0
"sopraffatto",0,0,0,0,0,0,0,0,0,0,0,0,1,0
"soprannominare",1,0,0,0,0,0,0,0,0,0,0,0,0,0
"sopravvire",0,0,0,1,0,0,0,0,0,0,0,0,0,0
"sopravvivere",0,0,0,0,0,0,0,0,1,0,0,0,0,0
"sorgare",0,0,0,0,0,0,0,0,0,0,0,1,0,0
"sorseggiare",1,0,0,0,0,0,0,0,0,0,0,0,0,0
"sorvolare",0,0,0,0,0,1,0,0,0,0,0,0,0,0
"sospetta",0,0,0,0,0,0,0,0,0,0,1,0,0,0
"sospingere",1,0,0,0,0,0,0,0,0,0,0,0,0,0
"sostare",0,0,0,0,0,1,0,0,0,0,0,0,0,0
"sottintendere",0,0,0,0,0,0,0,0,0,1,0,0,0,0
"sottoscrivere",0,0,0,0,0,0,0,0,0,0,0,1,0,0
"sovraccaricare",0,0,0,0,0,0,0,0,0,1,0,0,0,0
"sovrintendere",0,0,0,0,0,0,0,0,0,1,0,0,0,0
"spaccare",0,0,0,0,0,0,0,1,0,0,0,0,0,0
"sparecchiare",0,0,1,0,0,0,0,0,0,0,0,0,0,0
"spaziare",0,0,0,0,0,0,0,0,0,0,1,0,0,0
"spazientire",0,0,0,0,0,1,0,0,0,0,0,0,0,0
"specificare",0,0,0,0,0,0,0,0,1,0,0,0,0,0
"speditare",0,0,0,0,0,0,0,1,0,0,0,0,0,0
"spernacchiare",0,0,0,0,0,1,0,0,0,0,0,0,0,0
"spettare",0,0,0,0,0,0,0,0,0,1,0,0,0,0
"spiare",0,0,0,0,0,0,0,1,0,0,0,0,0,0
"splendere",0,0,0,1,0,0,0,0,0,0,0,0,0,0
"spodestare",0,1,0,0,0,0,0,0,0,0,0,0,0,0
"spolverizzare",0,0,1,0,0,0,0,0,0,0,0,0,0,0
"sprofondare",0,0,0,1,0,0,0,0,0,0,0,0,0,0
"spungere",0,0,0,1,0,0,0,0,0,0,0,0,0,0
"sputare",0,0,0,0,0,0,0,0,0,0,0,0,1,0
"squartare",0,0,1,0,0,0,0,0,0,0,0,0,0,0
"squillare",0,0,0,0,0,1,0,0,0,0,0,0,0,0
"stabilizzare",0,0,0,0,0,0,0,0,0,0,0,0,0,1
"stanziare",0,0,0,0,0,0,1,0,0,0,0,0,0,0
"starebilire",0,0,0,0,0,0,0,0,0,0,1,0,0,0
"stella",0,0,0,0,0,0,1,0,0,0,0,0,0,0
"stiare",0,0,0,0,0,0,0,0,0,1,0,0,0,0
"stigmatizzare",0,0,1,0,0,0,0,0,0,0,0,0,0,0
"stipulare",0,0,1,0,0,0,0,0,0,0,0,0,0,0
"strattonare",0,0,0,0,0,0,0,0,0,0,0,0,1,0
"strigliare",0,0,1,0,0,0,0,0,0,0,0,0,0,0
"strillare",0,0,0,0,0,1,0,0,0,0,0,0,0,0
"studare",0,0,0,0,0,0,0,0,0,1,0,0,0,0
"studio",0,0,0,1,0,0,0,0,0,0,0,0,0,0
"stupire",0,0,0,0,0,1,0,0,0,0,0,0,0,0
"subentrare",0,0,0,1,0,0,0,0,0,0,0,0,0,0
"subitare",1,0,0,0,0,0,0,0,0,0,0,0,0,0
"subordinare",0,0,0,0,0,0,0,0,0,0,1,0,0,0
"suddiviso",0,0,0,0,0,0,0,1,0,0,0,0,0,0
"suffragare",0,0,0,0,0,0,0,0,0,1,0,0,0,0
"suggellare",0,0,0,0,0,0,0,0,1,0,0,0,0,0
"suicidare",0,0,0,0,0,1,0,0,0,0,0,0,0,0
"suono",0,0,0,0,0,0,0,0,0,0,0,1,0,0
"superluminale",0,0,0,0,0,0,1,0,0,0,0,0,0,0
"susseguire",0,0,0,0,0,0,1,0,0,0,0,0,0,0
"sussistere",0,0,0,1,0,0,0,0,0,0,0,0,0,0
"sussurrare",0,0,0,0,0,1,0,0,0,0,0,0,0,0
"sventare",0,0,1,0,0,0,0,0,0,0,0,0,0,0
"svincolare",0,0,0,0,0,0,0,0,0,1,0,0,0,0
"svoltare",0,0,0,1,0,0,0,0,0,0,0,0,0,0
"tacciare",0,0,0,0,0,0,0,1,0,0,0,0,0,0
"tamponare",0,0,1,0,0,0,0,0,0,0,0,0,0,0
"taroccare",0,0,0,0,0,0,0,1,0,0,0,0,0,0
"teorizzare",0,0,0,0,0,0,0,0,0,0,1,0,0,0
"timbrare",0,0,1,0,0,0,0,0,0,0,0,0,0,0
"tintinnare",0,0,0,1,0,0,0,0,0,0,0,0,0,0
"tira",0,0,0,1,0,0,0,0,0,0,0,0,0,0
"tirarre",0,0,0,0,0,0,0,0,1,0,0,0,0,0
"torno",0,0,0,1,0,0,0,0,0,0,0,0,0,0
"traboccare",0,0,0,0,0,0,0,0,0,0,0,1,0,0
"tracciare",0,0,0,0,0,0,0,0,1,0,0,0,0,0
"trafiggere",0,0,1,0,0,0,0,0,0,0,0,0,0,0
"tralasciare",1,0,0,0,0,0,0,0,0,0,0,0,0,0
"tramontare",0,0,0,0,0,0,0,0,0,0,0,1,0,0
"tramortire",0,0,1,0,0,0,0,0,0,0,0,0,0,0
"tranciare",0,0,0,0,0,0,1,0,0,0,0,0,0,0
"tranquillizzare",0,0,0,0,0,0,1,0,0,0,0,0,0,0
"trapiantare",0,0,0,0,0,0,0,1,0,0,0,0,0,0
"trare",0,0,0,0,0,0,1,0,0,0,0,0,0,0
"trasalire",0,0,0,1,0,0,0,0,0,0,0,0,0,0
"trascina",0,0,0,0,0,0,0,0,0,1,0,0,0,0
"traslocare",0,0,0,0,0,0,0,0,0,0,0,1,0,0
"tratto",1,0,0,0,0,0,0,0,0,0,0,0,0,0
"traversare",0,0,1,0,0,0,0,0,0,0,0,0,0,0
"travolga",0,0,0,0,0,0,0,0,0,0,0,1,0,0
"tremare",0,0,0,0,0,0,0,0,0,0,1,0,0,0
"truccare",0,0,0,0,0,1,0,0,0,0,0,0,0,0
"tuono",0,0,0,0,0,0,0,0,0,0,0,1,0,0
"turbare",1,0,0,0,0,0,0,0,0,0,0,0,0,0
"ubbidire",0,0,0,0,0,1,0,0,0,0,0,0,0,0
"uccida",0,0,0,0,0,0,0,0,0,0,0,1,0,0
"ultimare",0,0,0,0,0,0,0,0,0,0,0,0,1,0
"uscita",1,0,0,0,0,0,0,0,0,0,0,0,0,0
"usufruire",0,0,0,0,0,0,0,0,0,0,0,0,1,0
"vagare",0,0,0,0,0,1,0,0,0,0,0,0,0,0
"vale",0,0,0,0,0,0,0,0,0,0,1,0,0,0
"valga",0,0,0,0,0,0,0,0,0,1,0,0,0,0
"vantare",0,0,0,0,0,0,0,0,1,0,0,0,0,0
"ve",0,0,0,0,0,0,1,0,0,0,0,0,0,0
"veicolo",0,0,0,0,0,0,0,0,0,0,1,0,0,0
"velocizzare",0,0,0,0,0,0,0,0,1,0,0,0,0,0
"vendicare",0,0,0,0,0,0,0,0,1,0,0,0,0,0
"venga",0,0,0,1,0,0,0,0,0,0,0,0,0,0
"vertere",0,0,0,0,0,1,0,0,0,0,0,0,0,0
"vertire",0,0,0,0,0,0,0,0,0,1,0,0,0,0
"vibrare",0,0,0,0,0,0,1,0,0,0,0,0,0,0
"vittimo",0,0,0,0,0,0,0,0,0,1,0,0,0,0
"volersi",0,0,0,0,0,1,0,0,0,0,0,0,0,0
"volgere",0,0,0,0,0,0,0,0,0,1,0,0,0,0
"voltare",0,0,0,1,0,0,0,0,0,0,0,0,0,0
